RSPO szkoły,* liczba zdających.2,* zdawalność (%).3,średni wynik (%).2
12324,17.0,94.11764705882352,51.411764705882355
4117,91.0,100.0,83.21978021978022
3513,54.0,100.0,86.42592592592592
53597,114.0,99.12280701754386,81.71052631578948
6279,108.0,99.07407407407408,84.21296296296296
53680,9.0,100.0,58.22222222222222
109600,7.0,100.0,71.28571428571429
83543,40.0,90.0,68.475
85245,30.0,96.55172413793103,76.76666666666667
10426,2.0,,
12719,108.0,100.0,88.62037037037037
11640,72.0,100.0,79.77777777777777
11648,58.0,100.0,80.62068965517241
9883,16.0,100.0,76.4375
26980,16.0,100.0,94.0625
85576,16.0,100.0,88.4375
18408,13.0,58.333333333333336,44.69230769230769
17491,66.0,100.0,89.65151515151516
12525,116.0,100.0,92.84482758620689
12527,122.0,100.0,92.95081967213115
27051,40.0,100.0,90.3
13860,1.0,,
12707,180.0,100.0,96.7388888888889
18457,151.0,100.0,94.00662251655629
13768,149.0,99.32885906040269,88.59060402684564
12666,93.0,100.0,87.80645161290323
5503,7.0,100.0,79.42857142857143
12059,22.0,95.45454545454545,71.63636363636364
4931,28.0,100.0,66.89285714285714
12941,25.0,92.0,73.76
12494,182.0,100.0,95.01098901098901
8874,5.0,80.0,76.8
131044,38.0,92.10526315789474,75.47368421052632
266625,28.0,96.29629629629629,70.35714285714286
5098,98.0,100.0,77.18367346938776
13511,20.0,100.0,93.15
9962,12.0,83.33333333333334,69.08333333333333
104506,55.0,100.0,83.16363636363636
53555,14.0,100.0,59.714285714285715
24963,124.0,100.0,90.3225806451613
24965,69.0,98.55072463768117,75.02898550724638
24962,131.0,100.0,88.68702290076335
24964,56.0,94.44444444444444,69.76785714285714
42551,3.0,,
131780,1.0,,
274704,16.0,93.33333333333333,61.375
41402,5.0,100.0,90.6
9517,3.0,,
18731,125.0,100.0,92.048
21582,153.0,100.0,84.65359477124183
21855,151.0,100.0,89.36423841059603
21854,31.0,100.0,65.7741935483871
9733,15.0,73.33333333333333,52.86666666666667
113729,25.0,92.0,57.16
40912,15.0,86.66666666666667,55.333333333333336
18449,98.0,100.0,75.68367346938776
30398,14.0,84.61538461538461,46.57142857142857
58372,111.0,96.3963963963964,80.57657657657657
58360,8.0,100.0,43.125
6788,92.0,98.9010989010989,80.61538461538461
13148,23.0,100.0,81.65217391304348
8025,1.0,,
6807,68.0,98.52941176470588,68.17647058823529
110236,47.0,97.87234042553192,83.06382978723404
110391,24.0,100.0,61.125
79751,121.0,99.17355371900827,80.38842975206612
26891,27.0,100.0,84.92592592592592
8422,43.0,97.61904761904762,73.90697674418605
56201,13.0,100.0,77.92307692307692
44536,16.0,92.85714285714286,51.4375
56199,73.0,100.0,89.58904109589041
5622,22.0,95.45454545454545,64.36363636363636
44226,74.0,98.63013698630137,82.33783783783784
5447,5.0,100.0,56.0
5977,,,
8796,96.0,100.0,82.35416666666667
8461,161.0,100.0,87.64596273291926
84818,1.0,,
84682,199.0,100.0,86.65326633165829
77987,18.0,100.0,94.88888888888889
83866,60.0,96.66666666666667,71.3
25220,240.0,100.0,93.4
8803,90.0,100.0,77.72222222222223
8771,128.0,100.0,95.078125
84309,60.0,98.33333333333333,71.48333333333333
84029,151.0,100.0,97.58278145695364
84173,38.0,92.10526315789474,57.60526315789474
7670,159.0,100.0,96.89308176100629
89690,50.0,100.0,97.78
113503,17.0,100.0,79.76470588235294
121296,29.0,100.0,77.75862068965517
268702,11.0,100.0,78.18181818181819
274493,9.0,88.88888888888889,90.66666666666667
30976,15.0,100.0,80.13333333333334
83884,12.0,91.66666666666666,78.25
43581,101.0,98.01980198019803,79.52475247524752
62074,58.0,98.27586206896551,80.10344827586206
31333,171.0,100.0,88.26315789473684
108745,106.0,98.11320754716981,70.10377358490567
70761,16.0,100.0,72.375
109422,61.0,100.0,90.01639344262296
31317,113.0,100.0,90.00884955752213
9380,128.0,97.65625,72.09375
105381,11.0,90.9090909090909,50.36363636363637
106383,25.0,76.0,52.88
59955,7.0,100.0,64.0
90514,27.0,100.0,67.33333333333333
82558,16.0,100.0,76.375
89838,39.0,94.87179487179486,74.56410256410257
127896,26.0,96.15384615384616,72.5
114722,20.0,95.0,63.1
7299,16.0,93.75,54.5625
6541,89.0,100.0,87.20224719101124
127204,22.0,90.9090909090909,49.38095238095238
23586,142.0,100.0,88.04225352112677
23788,,,
86580,4.0,,
15031,24.0,100.0,89.91666666666667
25709,26.0,100.0,65.96153846153847
7818,7.0,71.42857142857143,59.0
61502,163.0,98.77300613496932,79.83435582822086
25599,133.0,100.0,92.16541353383458
88708,3.0,,
263987,28.0,100.0,80.71428571428571
272798,11.0,36.36363636363637,38.54545454545455
107409,85.0,100.0,74.47058823529412
49344,21.0,95.23809523809523,60.19047619047619
50272,77.0,98.7012987012987,84.55844155844156
86439,34.0,97.05882352941177,88.08823529411765
53333,26.0,100.0,80.76923076923077
25362,15.0,100.0,85.92857142857143
91407,5.0,60.0,32.6
91407,1.0,,
19119,1.0,,
17730,72.0,97.22222222222221,71.34722222222223
6968,115.0,100.0,97.93913043478261
18579,133.0,96.99248120300751,83.15037593984962
11182,121.0,100.0,95.80165289256199
7983,68.0,98.52941176470588,73.33823529411765
17601,54.0,96.29629629629629,76.27777777777777
15300,113.0,100.0,88.08849557522124
18356,107.0,100.0,78.11214953271028
86002,59.0,100.0,97.84745762711864
6954,165.0,100.0,95.17682926829268
74772,134.0,100.0,97.23134328358209
6934,136.0,100.0,91.15441176470588
7051,118.0,100.0,98.76271186440678
7099,106.0,100.0,97.78301886792453
7753,149.0,100.0,97.87248322147651
11181,225.0,100.0,95.71555555555555
81759,25.0,96.0,85.44
43409,15.0,100.0,85.73333333333333
81755,14.0,100.0,81.0
11174,33.0,100.0,91.96969696969697
72039,6.0,75.0,51.0
7982,190.0,100.0,90.28421052631579
57154,11.0,70.0,62.45454545454545
43407,34.0,100.0,90.20588235294117
86065,4.0,,
122271,22.0,100.0,83.5909090909091
125432,41.0,97.5609756097561,66.1219512195122
130828,30.0,89.28571428571429,65.7
133201,28.0,100.0,74.07142857142857
103727,37.0,100.0,78.83783783783784
262211,139.0,100.0,97.45652173913044
265997,14.0,100.0,91.85714285714286
269593,47.0,97.87234042553192,91.46808510638297
271870,47.0,100.0,93.97826086956522
478065,21.0,100.0,94.14285714285714
270391,41.0,100.0,92.82926829268293
89762,76.0,94.52054794520548,75.02631578947368
83567,97.0,100.0,88.6701030927835
269487,12.0,100.0,86.75
25697,127.0,99.21259842519686,80.81889763779527
4045,113.0,100.0,94.85840707964601
3640,155.0,100.0,97.07741935483871
29583,134.0,100.0,97.79850746268657
30451,18.0,100.0,71.61111111111111
31207,62.0,100.0,95.1774193548387
6128,30.0,100.0,93.13333333333334
18942,177.0,100.0,94.36723163841808
21211,63.0,100.0,79.38095238095238
3620,120.0,100.0,97.025
23199,192.0,100.0,96.75520833333333
3957,220.0,100.0,93.78082191780823
21022,3.0,,
262373,33.0,100.0,82.1875
196346,88.0,100.0,94.04545454545455
38713,66.0,100.0,72.0909090909091
34660,219.0,99.54337899543378,85.94977168949772
42757,5.0,75.0,42.2
108996,50.0,94.0,60.26
38705,29.0,93.10344827586206,69.55172413793103
271088,26.0,96.15384615384616,67.3076923076923
38716,42.0,92.85714285714286,66.33333333333333
82886,50.0,95.91836734693877,61.84
131149,7.0,85.71428571428571,47.142857142857146
59054,147.0,99.31972789115646,88.06802721088435
47245,39.0,100.0,92.7948717948718
71878,94.0,100.0,88.35106382978724
57720,88.0,100.0,90.5340909090909
58113,28.0,100.0,74.64285714285714
269275,31.0,96.7741935483871,71.54838709677419
272464,14.0,100.0,68.78571428571429
21234,119.0,99.15966386554622,84.01680672268908
21556,48.0,97.87234042553192,70.83333333333333
26505,9.0,62.5,42.44444444444444
122936,4.0,,
133144,33.0,100.0,91.39393939393939
71243,89.0,96.62921348314607,82.10112359550561
71328,140.0,100.0,86.82857142857142
28129,44.0,80.48780487804879,52.88636363636363
118822,7.0,20.0,25.142857142857142
83317,12.0,91.66666666666666,71.33333333333333
31861,42.0,95.23809523809523,75.92857142857143
111536,22.0,100.0,67.36363636363636
107075,133.0,100.0,86.86466165413533
126766,28.0,100.0,90.17857142857143
119399,6.0,100.0,66.16666666666667
126767,20.0,100.0,74.15
126749,3.0,,
7943,81.0,96.29629629629629,72.51851851851852
52789,17.0,100.0,89.82352941176471
10331,118.0,100.0,91.32203389830508
10244,113.0,100.0,91.34513274336283
10330,128.0,100.0,92.88888888888889
58315,12.0,91.66666666666666,56.666666666666664
78987,14.0,100.0,65.14285714285714
119235,6.0,83.33333333333334,69.83333333333333
131614,13.0,84.61538461538461,61.15384615384615
88264,12.0,83.33333333333334,52.333333333333336
88278,6.0,60.0,33.5
125817,16.0,81.25,62.0
130408,9.0,100.0,88.77777777777777
129533,37.0,75.75757575757575,52.027027027027025
263525,19.0,100.0,68.6842105263158
12126,20.0,100.0,93.5
5431,84.0,100.0,97.6547619047619
5060,64.0,96.875,86.296875
5519,66.0,100.0,92.21212121212122
12233,79.0,100.0,91.1923076923077
22460,1.0,,
26424,164.0,100.0,90.1963190184049
16568,154.0,100.0,80.51948051948052
64753,4.0,,
86404,23.0,86.95652173913044,60.56521739130435
77993,24.0,100.0,82.29166666666667
43834,17.0,76.47058823529412,56.411764705882355
31842,12.0,100.0,59.0
24063,10.0,100.0,94.1
34968,4.0,,
25092,74.0,100.0,83.04054054054055
22959,151.0,100.0,89.94
24106,75.0,100.0,93.94666666666667
131700,20.0,73.33333333333333,47.85
276742,1.0,,
30203,36.0,85.71428571428571,57.80555555555556
19202,131.0,100.0,89.66412213740458
73138,52.0,92.3076923076923,75.36538461538461
55531,62.0,100.0,92.59677419354838
13908,24.0,60.86956521739131,38.458333333333336
23579,182.0,100.0,88.83516483516483
17862,131.0,100.0,81.12977099236642
4148,89.0,98.87640449438202,84.70786516853933
8509,50.0,100.0,72.72
8510,16.0,100.0,81.1875
93089,34.0,94.11764705882352,77.79411764705883
5092,19.0,100.0,78.26315789473684
93121,29.0,89.65517241379311,70.51724137931035
17834,9.0,100.0,68.88888888888889
13719,90.0,100.0,89.01123595505618
56982,55.0,100.0,79.25454545454545
124294,3.0,,
70909,47.0,100.0,79.54347826086956
75681,34.0,100.0,97.88235294117646
85164,27.0,100.0,95.29629629629629
84463,28.0,96.42857142857143,73.25
92846,29.0,100.0,85.0
84468,7.0,100.0,87.28571428571429
74636,115.0,100.0,95.52173913043478
25568,115.0,100.0,83.0695652173913
34526,176.0,100.0,95.5909090909091
34531,157.0,99.36305732484077,87.2484076433121
80864,81.0,100.0,96.17283950617283
89944,29.0,100.0,92.10344827586206
58354,123.0,100.0,94.4308943089431
84488,45.0,86.66666666666667,60.86666666666667
81294,55.0,90.0,63.21818181818182
120259,32.0,100.0,82.65625
87613,57.0,100.0,96.50877192982456
123263,10.0,90.0,74.3
4387,34.0,96.7741935483871,65.79411764705883
270509,11.0,100.0,66.9090909090909
271908,12.0,100.0,73.33333333333333
272822,17.0,100.0,93.58823529411765
272838,11.0,100.0,96.63636363636364
74208,104.0,100.0,85.57692307692308
60478,8.0,100.0,91.375
91985,31.0,100.0,78.0
24732,43.0,97.67441860465115,71.88372093023256
22868,36.0,91.42857142857143,68.05555555555556
23623,160.0,100.0,90.14375
23621,142.0,100.0,90.8943661971831
23622,34.0,94.11764705882352,84.38235294117646
23535,23.0,91.30434782608695,73.0
129527,3.0,,
20989,17.0,88.23529411764706,58.76470588235294
29883,18.0,100.0,79.61111111111111
68252,56.0,100.0,93.65454545454546
30458,58.0,94.73684210526315,74.17241379310344
30076,170.0,100.0,96.14117647058823
30101,153.0,100.0,89.06535947712419
27498,96.0,96.84210526315789,76.57894736842105
30058,25.0,96.0,62.8
26284,37.0,100.0,82.67567567567568
9126,69.0,100.0,94.05797101449275
41491,63.0,100.0,81.60317460317461
8663,172.0,100.0,91.78488372093024
8664,169.0,99.40828402366864,87.92899408284023
44112,27.0,100.0,68.11111111111111
44074,71.0,95.71428571428572,69.21126760563381
91988,19.0,100.0,91.57894736842105
52803,61.0,98.36065573770492,75.65573770491804
84260,18.0,94.44444444444444,67.55555555555556
58134,184.0,99.45652173913044,92.17391304347827
42178,26.0,88.46153846153845,59.03846153846154
42262,181.0,100.0,92.53333333333333
42364,165.0,98.7878787878788,75.11515151515151
38949,134.0,100.0,93.11194029850746
40944,95.0,100.0,90.02105263157895
49532,115.0,100.0,93.45217391304348
42024,190.0,100.0,92.5
42095,149.0,100.0,86.23489932885906
58221,43.0,100.0,88.90697674418605
85596,3.0,,
125851,22.0,100.0,87.31818181818181
264219,20.0,100.0,80.05
264221,65.0,96.92307692307692,73.21538461538462
270491,12.0,100.0,73.0
80592,1.0,,
25062,7.0,100.0,66.42857142857143
81509,22.0,95.45454545454545,77.77272727272727
53795,47.0,91.48936170212765,72.36170212765957
42015,61.0,93.44262295081968,62.67213114754098
73857,22.0,100.0,84.86363636363636
24237,160.0,100.0,95.30625
24218,156.0,100.0,87.77564102564102
24207,161.0,100.0,89.34782608695652
43493,17.0,82.35294117647058,57.1764705882353
130571,1.0,,
11245,74.0,100.0,96.04054054054055
11695,178.0,100.0,95.87078651685393
10381,45.0,100.0,92.31111111111112
8643,15.0,100.0,89.46666666666667
11050,132.0,100.0,92.78625954198473
11790,45.0,100.0,82.77777777777777
11492,54.0,98.14814814814815,80.37037037037037
11149,157.0,100.0,92.09554140127389
80889,1.0,,
84328,36.0,97.14285714285714,78.33333333333333
119262,18.0,94.44444444444444,65.0
49962,18.0,94.11764705882352,79.44444444444444
29786,11.0,100.0,78.54545454545455
264745,48.0,100.0,97.39583333333333
20220,38.0,92.10526315789474,68.97368421052632
19714,80.0,100.0,84.0
278126,12.0,100.0,87.91666666666667
20543,24.0,100.0,74.16666666666667
80648,163.0,100.0,89.12269938650307
69810,102.0,92.15686274509804,68.05882352941177
68310,33.0,100.0,69.59375
87215,21.0,100.0,72.52380952380952
108718,26.0,100.0,90.73076923076923
48145,8.0,100.0,64.125
269932,13.0,92.3076923076923,68.23076923076923
91408,13.0,69.23076923076923,36.15384615384615
91408,1.0,,
74792,82.0,98.78048780487805,87.95121951219512
89347,66.0,100.0,88.45454545454545
89261,55.0,100.0,92.8
12931,5.0,100.0,98.6
30409,17.0,100.0,94.0
12925,16.0,100.0,89.125
92352,28.0,100.0,94.78571428571429
28520,17.0,100.0,78.76470588235294
28724,22.0,100.0,87.18181818181819
3974,34.0,90.9090909090909,64.55882352941177
10803,4.0,,
10840,121.0,100.0,95.93333333333334
5738,83.0,98.79518072289156,75.07317073170732
5438,227.0,100.0,96.03083700440529
10845,88.0,100.0,88.86363636363636
5668,109.0,100.0,92.88990825688073
10812,30.0,96.66666666666667,76.63333333333334
5449,132.0,100.0,96.93939393939394
10830,48.0,97.91666666666666,83.02083333333333
10699,158.0,100.0,91.92405063291139
10090,4.0,,
23747,31.0,96.7741935483871,70.45161290322581
122479,48.0,100.0,77.20833333333333
263703,12.0,91.66666666666666,74.83333333333333
92728,43.0,100.0,87.51162790697674
49509,14.0,100.0,58.285714285714285
11190,2.0,,
53768,82.0,100.0,75.34146341463415
71115,80.0,100.0,80.05
105877,29.0,100.0,87.79310344827586
7948,110.0,99.0909090909091,81.70642201834862
8104,23.0,76.19047619047619,60.34782608695652
8103,5.0,80.0,39.4
61577,16.0,93.75,77.8125
34972,3.0,,
34318,183.0,100.0,90.30054644808743
34319,86.0,100.0,80.33720930232558
15670,54.0,100.0,69.5
17188,149.0,100.0,88.75838926174497
66445,21.0,100.0,75.04761904761905
20703,154.0,99.34640522875817,81.34415584415585
23638,19.0,100.0,67.89473684210526
121959,31.0,80.0,59.45161290322581
17160,57.0,98.24561403508771,75.57894736842105
278069,1.0,,
2884,43.0,100.0,81.6046511627907
84541,46.0,97.82608695652173,78.23913043478261
18402,113.0,98.23008849557522,85.26548672566372
104142,50.0,91.83673469387756,61.32
75655,120.0,99.16666666666667,93.58823529411765
24775,34.0,82.35294117647058,57.529411764705884
53380,144.0,100.0,89.00694444444444
74550,134.0,100.0,84.73134328358209
264713,10.0,100.0,80.5
87534,89.0,97.72727272727273,84.73033707865169
87456,87.0,100.0,78.08045977011494
89411,25.0,92.0,62.96
87710,131.0,97.6923076923077,80.04580152671755
90386,1.0,,
29087,22.0,95.45454545454545,79.68181818181819
48176,110.0,94.54545454545455,71.72727272727273
35289,116.0,100.0,86.8103448275862
38740,189.0,100.0,93.51595744680851
39228,173.0,100.0,95.30635838150289
91595,82.0,100.0,88.42682926829268
125788,8.0,75.0,54.5
131192,41.0,92.6829268292683,61.48780487804878
264878,30.0,100.0,93.76666666666667
87569,25.0,96.0,76.20833333333333
88775,26.0,100.0,73.6923076923077
86436,61.0,98.36065573770492,81.1639344262295
86437,84.0,98.80952380952381,82.58333333333333
80656,50.0,95.83333333333334,68.02
80388,118.0,100.0,89.12711864406779
82379,70.0,95.58823529411765,69.48571428571428
92329,26.0,100.0,90.1923076923077
84350,9.0,100.0,88.77777777777777
92325,5.0,40.0,40.0
82547,126.0,100.0,96.61904761904762
20508,111.0,100.0,92.75675675675676
92331,35.0,78.125,56.44117647058823
87302,2.0,,
130992,6.0,100.0,96.0
92114,2.0,,
133413,112.0,98.18181818181819,80.71428571428571
74025,57.0,98.24561403508771,78.29824561403508
74027,32.0,100.0,68.5625
66146,44.0,100.0,84.61363636363636
7843,29.0,100.0,76.51724137931035
268101,15.0,93.33333333333333,75.66666666666667
27799,49.0,87.75510204081633,67.14285714285714
106591,43.0,100.0,86.04651162790698
23129,141.0,100.0,90.85106382978724
15815,152.0,100.0,95.83552631578948
275512,7.0,80.0,39.57142857142857
38536,177.0,96.5909090909091,81.01694915254237
74129,7.0,85.71428571428571,61.57142857142857
23037,146.0,100.0,94.88356164383562
23038,129.0,100.0,94.27131782945736
23039,69.0,100.0,81.41176470588235
43471,53.0,98.07692307692307,70.39622641509433
43423,26.0,100.0,76.73076923076923
69452,24.0,87.5,54.916666666666664
70272,204.0,99.50980392156863,87.52450980392157
43482,134.0,100.0,93.67164179104478
123756,6.0,66.66666666666666,57.833333333333336
23971,26.0,96.0,73.8
23940,25.0,96.0,71.76
23983,26.0,96.15384615384616,78.6923076923077
23973,32.0,90.625,69.40625
47260,52.0,100.0,87.8076923076923
47276,23.0,100.0,92.0
80907,4.0,,
23975,170.0,100.0,93.57058823529412
29707,106.0,100.0,86.41509433962264
24002,47.0,93.47826086956522,67.06382978723404
23991,7.0,100.0,74.14285714285714
23981,67.0,94.02985074626866,78.17910447761194
29217,26.0,84.61538461538461,58.53846153846154
73284,57.0,91.22807017543859,62.68421052631579
30500,20.0,88.88888888888889,56.65
48633,24.0,95.83333333333334,77.625
73299,126.0,100.0,85.24
22830,145.0,100.0,93.04137931034482
83153,15.0,100.0,76.33333333333333
105506,125.0,100.0,90.616
114103,15.0,100.0,86.33333333333333
109285,50.0,98.0,84.04
107049,66.0,96.92307692307692,72.56060606060606
6163,38.0,100.0,88.57894736842105
115558,47.0,100.0,76.0
20816,10.0,70.0,52.5
8878,63.0,100.0,69.39682539682539
11273,38.0,83.78378378378379,55.421052631578945
11274,5.0,60.0,44.6
7254,196.0,99.48979591836735,86.39285714285714
21450,8.0,85.71428571428571,41.57142857142857
13483,5.0,60.0,58.0
268879,25.0,100.0,83.68
278890,24.0,95.83333333333334,63.083333333333336
7917,19.0,84.21052631578947,71.15789473684211
7892,77.0,97.40259740259741,73.05194805194805
133386,19.0,100.0,71.42105263157895
11019,8.0,75.0,60.5
8865,30.0,86.66666666666667,65.23333333333333
53314,13.0,100.0,91.15384615384616
61001,153.0,100.0,81.18300653594771
78212,18.0,100.0,81.88888888888889
60994,171.0,100.0,82.24561403508773
60988,135.0,100.0,90.8
17525,33.0,100.0,58.303030303030305
55203,146.0,100.0,83.42465753424658
41928,235.0,100.0,88.56170212765957
27222,11.0,100.0,60.45454545454545
18998,154.0,100.0,88.3896103896104
14961,161.0,100.0,84.05590062111801
11576,115.0,99.1304347826087,72.34210526315789
20821,30.0,93.10344827586206,59.666666666666664
271604,4.0,,
85984,5.0,100.0,54.6
80383,27.0,96.29629629629629,59.851851851851855
87494,5.0,100.0,63.6
104910,104.0,94.23076923076923,69.52884615384616
41295,124.0,99.19354838709677,80.6910569105691
14995,155.0,98.70967741935483,77.48387096774194
111937,24.0,81.81818181818183,54.333333333333336
21932,13.0,84.61538461538461,63.46153846153846
14390,58.0,100.0,88.75862068965517
14413,66.0,96.96969696969697,73.25757575757575
87122,160.0,98.75,79.6
72575,45.0,70.45454545454545,48.82222222222222
72597,10.0,90.0,57.4
87280,178.0,98.31460674157303,81.38764044943821
13912,25.0,60.0,45.36
66134,125.0,100.0,85.704
16831,163.0,98.77300613496932,80.50920245398773
86129,23.0,100.0,75.6086956521739
103477,47.0,93.47826086956522,67.68085106382979
87273,18.0,72.22222222222221,42.833333333333336
87868,10.0,80.0,45.8
104141,13.0,76.92307692307693,59.15384615384615
52854,159.0,100.0,88.52830188679245
52857,161.0,100.0,94.2919254658385
51790,113.0,98.23008849557522,77.22321428571429
68477,39.0,84.61538461538461,56.35897435897436
12173,35.0,100.0,95.34285714285714
52409,107.0,100.0,96.26168224299066
58362,31.0,96.66666666666667,80.64516129032258
91549,103.0,94.0,64.18627450980392
73924,87.0,100.0,88.82758620689656
86975,84.0,100.0,96.19047619047619
52855,119.0,98.31932773109243,73.83193277310924
87848,18.0,100.0,96.27777777777777
52697,153.0,100.0,96.08496732026144
64285,28.0,85.18518518518519,54.392857142857146
104677,183.0,100.0,94.64480874316939
88665,4.0,,
88974,54.0,94.33962264150944,67.44444444444444
92673,8.0,100.0,87.0
87847,3.0,,
52853,154.0,100.0,93.13636363636364
83796,18.0,100.0,85.72222222222223
58882,137.0,98.54014598540147,75.10218978102189
52410,180.0,100.0,95.65555555555555
87849,37.0,100.0,77.37837837837837
104416,25.0,100.0,91.36
89302,9.0,44.44444444444444,45.55555555555556
121880,69.0,100.0,93.14492753623189
113811,27.0,96.29629629629629,68.62962962962963
64353,54.0,100.0,80.79629629629629
52860,168.0,100.0,84.39285714285714
79336,15.0,100.0,76.93333333333334
79023,77.0,97.40259740259741,70.23376623376623
88975,59.0,98.30508474576271,74.10169491525424
104761,13.0,76.92307692307693,53.69230769230769
132636,15.0,100.0,71.93333333333334
133758,104.0,99.03846153846155,82.79611650485437
133759,236.0,100.0,91.0
272252,14.0,100.0,90.07142857142857
19246,8.0,100.0,72.625
268899,22.0,90.9090909090909,70.13636363636364
88916,10.0,100.0,71.9
17208,21.0,90.47619047619048,69.28571428571429
22102,19.0,94.73684210526315,60.63157894736842
15314,28.0,100.0,55.74074074074074
6914,185.0,100.0,84.21621621621621
5686,111.0,100.0,80.68468468468468
74074,40.0,97.5,76.525
106722,28.0,100.0,72.28571428571429
73005,73.0,100.0,88.84931506849315
74201,9.0,100.0,75.88888888888889
24998,24.0,100.0,77.16666666666667
82490,137.0,98.54014598540147,78.47445255474453
27451,5.0,100.0,64.2
19638,156.0,100.0,90.07741935483871
27432,4.0,,
44233,36.0,91.66666666666666,55.5
82392,177.0,100.0,89.5819209039548
29968,17.0,94.11764705882352,70.17647058823529
125533,16.0,62.5,46.9375
64499,26.0,100.0,69.8076923076923
16699,153.0,98.0392156862745,81.27450980392157
91319,21.0,90.47619047619048,61.57142857142857
86513,26.0,100.0,85.23076923076923
72815,35.0,100.0,95.0
8761,82.0,98.78048780487805,80.52439024390245
12881,14.0,92.85714285714286,80.57142857142857
19739,28.0,78.57142857142857,54.357142857142854
10389,77.0,100.0,91.97402597402598
115618,4.0,,
86832,76.0,100.0,82.61842105263158
273359,2.0,,
23642,144.0,100.0,84.21527777777777
23644,134.0,92.4812030075188,62.0
44499,79.0,100.0,84.27848101265823
80423,28.0,100.0,75.53571428571429
6303,10.0,90.0,53.6
55516,17.0,82.35294117647058,62.94117647058823
11173,6.0,100.0,69.33333333333333
2928,213.0,100.0,89.93896713615024
68512,103.0,100.0,88.99029126213593
44038,169.0,98.22485207100591,78.31952662721893
3690,158.0,100.0,85.9873417721519
92706,12.0,91.66666666666666,55.333333333333336
92779,52.0,82.35294117647058,52.57692307692308
72255,45.0,86.66666666666667,58.84444444444444
72279,27.0,75.0,45.81481481481482
267600,7.0,85.71428571428571,41.0
48680,63.0,100.0,87.66666666666667
32089,104.0,96.15384615384616,69.63461538461539
60126,8.0,75.0,62.5
124192,228.0,100.0,86.39473684210526
11295,6.0,16.666666666666664,18.0
107530,27.0,92.5925925925926,79.48148148148148
11093,14.0,92.85714285714286,67.71428571428571
90414,119.0,99.15966386554622,85.9327731092437
14339,143.0,100.0,92.39160839160839
14369,238.0,95.35864978902954,78.31512605042016
81234,19.0,100.0,94.42105263157895
128606,45.0,86.36363636363636,57.44444444444444
82475,18.0,94.11764705882352,66.83333333333333
79044,82.0,98.78048780487805,69.52439024390245
85351,19.0,100.0,71.10526315789474
8247,49.0,97.95918367346938,83.10204081632654
48339,17.0,100.0,77.29411764705883
29320,186.0,100.0,87.02173913043478
34359,86.0,100.0,86.81395348837209
18160,65.0,100.0,86.27692307692308
59910,78.0,100.0,94.12820512820512
59963,31.0,100.0,66.12903225806451
64830,113.0,99.11504424778761,83.49557522123894
59912,61.0,100.0,88.88524590163935
6692,54.0,100.0,69.09433962264151
20087,181.0,100.0,97.05
20872,60.0,98.33333333333333,80.0
20852,31.0,100.0,92.6774193548387
80067,56.0,98.21428571428571,74.53571428571429
6593,92.0,98.9010989010989,79.79347826086956
21317,104.0,100.0,88.95145631067962
132462,15.0,100.0,83.4
266980,16.0,100.0,93.25
9686,191.0,100.0,95.15873015873017
4648,117.0,99.13793103448276,75.95726495726495
4434,18.0,100.0,92.16666666666667
59647,26.0,100.0,74.46153846153847
125515,33.0,100.0,74.78787878787878
104319,22.0,100.0,94.5909090909091
21210,81.0,95.0,73.9
24047,158.0,100.0,86.56962025316456
81711,150.0,100.0,95.49664429530202
108754,159.0,100.0,92.4113924050633
105235,15.0,93.33333333333333,57.13333333333333
130967,22.0,100.0,72.63636363636364
133512,63.0,100.0,80.96825396825396
196256,27.0,100.0,77.25925925925925
7709,92.0,100.0,86.1086956521739
20020,85.0,97.61904761904762,71.29411764705883
7710,21.0,95.0,71.0
8286,210.0,100.0,95.51428571428572
81721,20.0,100.0,90.9
20413,212.0,100.0,97.83490566037736
4881,120.0,100.0,92.53333333333333
25877,132.0,100.0,88.77272727272727
131637,6.0,100.0,95.16666666666667
133770,34.0,94.11764705882352,82.5
133501,86.0,100.0,87.90697674418605
133509,125.0,100.0,92.344
478885,12.0,100.0,86.83333333333333
29919,53.0,100.0,87.22641509433963
91404,7.0,85.71428571428571,68.57142857142857
91404,,,
25882,7.0,100.0,82.42857142857143
4435,190.0,100.0,95.8157894736842
79902,61.0,100.0,96.90163934426229
80061,93.0,100.0,95.79347826086956
70863,62.0,100.0,96.66129032258064
75595,61.0,100.0,89.44262295081967
4927,164.0,100.0,93.65853658536585
20433,195.0,100.0,97.16494845360825
7711,152.0,100.0,88.44736842105263
27081,249.0,100.0,96.81927710843374
4735,243.0,100.0,97.35390946502058
19385,43.0,97.67441860465115,78.25581395348837
58279,41.0,100.0,85.17073170731707
84658,111.0,100.0,95.7927927927928
64262,30.0,100.0,83.8
7713,174.0,100.0,97.6453488372093
80098,43.0,100.0,84.76744186046511
19684,111.0,100.0,83.56756756756756
20145,40.0,100.0,87.6
25885,16.0,81.25,62.0
25507,37.0,100.0,87.55555555555556
107376,71.0,98.59154929577466,90.07042253521126
91302,78.0,100.0,92.6923076923077
129344,40.0,100.0,91.15
125126,25.0,100.0,96.64
133078,47.0,100.0,94.2127659574468
133499,106.0,99.05660377358491,87.48113207547169
133500,149.0,100.0,96.10738255033557
133502,128.0,100.0,92.2265625
268677,6.0,100.0,95.83333333333333
271889,1.0,,
64266,7.0,50.0,30.142857142857142
19367,102.0,100.0,78.19607843137256
4236,193.0,100.0,88.65803108808291
19619,50.0,91.83673469387756,49.76
128712,4.0,,
19384,152.0,100.0,83.75496688741723
68023,11.0,81.81818181818183,66.0909090909091
24472,53.0,96.22641509433963,62.84905660377358
20939,230.0,100.0,90.87391304347825
124301,16.0,100.0,87.1875
48102,108.0,100.0,90.81481481481481
20943,23.0,100.0,70.69565217391305
55479,58.0,75.0,49.55172413793103
14831,98.0,100.0,82.24489795918367
49957,31.0,93.54838709677419,73.74193548387096
18168,25.0,96.0,70.16
15241,74.0,98.64864864864865,77.37837837837837
114733,17.0,76.47058823529412,51.529411764705884
18406,84.0,98.80952380952381,72.55952380952381
21560,41.0,100.0,75.775
75315,15.0,93.33333333333333,64.0
18206,133.0,100.0,87.90225563909775
43738,16.0,93.75,55.875
24462,243.0,100.0,91.84362139917695
272222,22.0,95.45454545454545,57.18181818181818
49150,4.0,,
15373,87.0,100.0,88.73563218390805
21678,89.0,100.0,88.43820224719101
48117,15.0,93.33333333333333,54.86666666666667
26629,20.0,100.0,94.05
18829,238.0,100.0,90.9327731092437
24803,205.0,100.0,93.05365853658536
29444,164.0,100.0,82.54268292682927
40812,21.0,90.47619047619048,61.95238095238095
26624,73.0,100.0,89.76712328767124
18364,104.0,85.43689320388349,62.61538461538461
64873,42.0,100.0,96.21428571428571
115192,6.0,100.0,92.0
125064,92.0,100.0,84.40217391304348
21867,36.0,97.22222222222221,81.30555555555556
38843,147.0,96.5986394557823,67.56462585034014
133951,69.0,91.30434782608695,59.0
10772,190.0,100.0,83.94708994708995
10740,149.0,100.0,90.37837837837837
10741,43.0,100.0,70.3953488372093
21132,17.0,100.0,61.294117647058826
79277,51.0,98.0392156862745,66.23529411764706
22141,107.0,99.06542056074767,87.73831775700934
127576,9.0,88.88888888888889,70.11111111111111
22287,62.0,100.0,85.48387096774194
268800,32.0,100.0,91.09375
21652,136.0,100.0,93.24264705882354
21832,172.0,96.49122807017544,75.6453488372093
30229,114.0,99.12280701754386,85.04385964912281
40744,49.0,100.0,68.10204081632654
40948,46.0,97.82608695652173,71.04347826086956
49823,173.0,100.0,88.82658959537572
38617,10.0,80.0,54.9
38678,46.0,91.11111111111111,56.77777777777778
38606,77.0,96.05263157894737,80.07792207792208
38630,22.0,81.81818181818183,57.59090909090909
38656,29.0,96.55172413793103,72.10344827586206
14040,99.0,98.98989898989899,85.24242424242425
14038,185.0,100.0,93.6108108108108
14039,232.0,100.0,95.17672413793103
17964,9.0,100.0,83.88888888888889
14041,117.0,99.14529914529915,77.75
30342,24.0,100.0,83.95833333333333
7158,25.0,95.83333333333334,63.48
16976,110.0,100.0,74.48181818181818
16979,163.0,100.0,92.85185185185185
16980,137.0,100.0,91.18248175182482
118799,97.0,100.0,79.45360824742268
16978,14.0,100.0,71.64285714285714
133917,35.0,91.17647058823529,59.42857142857143
88906,26.0,100.0,77.0
68224,94.0,100.0,90.44680851063829
68853,6.0,100.0,86.5
75056,6.0,66.66666666666666,46.166666666666664
68438,24.0,100.0,82.33333333333333
3594,156.0,98.71794871794873,84.42948717948718
267783,11.0,100.0,71.18181818181819
34403,110.0,100.0,79.74545454545455
72737,10.0,77.77777777777779,34.4
10783,54.0,100.0,78.96296296296296
10690,46.0,95.65217391304348,73.42222222222222
32016,145.0,100.0,93.65517241379311
87536,38.0,94.73684210526315,65.84210526315789
80766,58.0,98.27586206896551,81.66666666666667
35109,177.0,100.0,90.53107344632768
87396,11.0,100.0,79.72727272727273
49010,12.0,90.9090909090909,73.16666666666667
271253,13.0,100.0,76.61538461538461
114082,78.0,98.71794871794873,80.6025641025641
49959,35.0,82.85714285714286,54.457142857142856
42107,156.0,99.35897435897436,82.53205128205128
49960,,,
6885,160.0,100.0,82.6125
6880,164.0,100.0,94.0248447204969
22619,1.0,,
16746,31.0,93.33333333333333,66.41935483870968
7845,107.0,100.0,82.23364485981308
19421,17.0,94.11764705882352,61.35294117647059
268602,20.0,95.0,74.8
15838,198.0,100.0,85.76767676767676
18069,29.0,92.85714285714286,55.89655172413793
18065,134.0,100.0,83.27611940298507
18233,28.0,100.0,69.25
18070,23.0,95.65217391304348,69.26086956521739
25613,3.0,,
264190,17.0,88.23529411764706,60.05882352941177
265145,39.0,100.0,88.35897435897436
28625,161.0,100.0,89.3975155279503
22917,119.0,100.0,86.67226890756302
64661,34.0,100.0,92.3529411764706
133267,14.0,100.0,59.07142857142857
270693,7.0,85.71428571428571,45.0
81410,80.0,95.0,69.3125
131080,13.0,92.3076923076923,58.84615384615385
16431,99.0,100.0,83.45454545454545
7252,205.0,100.0,93.95098039215686
34712,10.0,100.0,73.2
56325,114.0,99.12280701754386,81.33333333333333
47237,178.0,99.43820224719101,87.29213483146067
130217,18.0,88.88888888888889,56.77777777777778
56148,74.0,94.5945945945946,60.33783783783784
103644,12.0,91.66666666666666,72.08333333333333
85169,81.0,91.02564102564102,60.76543209876543
64905,19.0,83.33333333333334,56.05263157894737
21068,32.0,96.875,58.6875
57605,80.0,90.0,63.2875
113716,69.0,94.20289855072464,73.89855072463769
72956,34.0,100.0,76.38235294117646
69871,272.0,97.79411764705883,82.11029411764706
262978,37.0,100.0,70.91891891891892
88993,19.0,89.47368421052632,70.63157894736842
70663,152.0,96.05263157894737,78.5
19372,149.0,100.0,85.13513513513513
20387,133.0,100.0,73.41353383458646
20130,14.0,85.71428571428571,47.57142857142857
74054,17.0,88.23529411764706,67.0
61491,198.0,100.0,85.16666666666667
62067,185.0,100.0,93.44864864864864
86577,62.0,98.38709677419355,69.5
84535,5.0,100.0,81.8
79827,21.0,100.0,69.23809523809524
72029,77.0,100.0,76.20779220779221
61510,23.0,95.65217391304348,62.56521739130435
27714,113.0,98.23008849557522,82.04424778761062
29081,6.0,100.0,74.66666666666667
68388,31.0,96.7741935483871,64.41935483870968
129072,20.0,100.0,72.85
6490,140.0,100.0,84.2158273381295
10492,5.0,80.0,66.0
15946,5.0,75.0,37.0
9689,3.0,,
124237,11.0,100.0,67.0909090909091
15674,2.0,,
8229,4.0,,
103665,10.0,100.0,89.1
9429,61.0,98.36065573770492,76.37704918032787
6491,190.0,100.0,90.56084656084656
6627,17.0,94.11764705882352,77.17647058823529
130752,6.0,100.0,40.0
16801,13.0,76.92307692307693,40.84615384615385
14618,118.0,94.91525423728814,75.37288135593221
16852,14.0,92.85714285714286,50.785714285714285
10092,29.0,96.55172413793103,72.82758620689656
34249,113.0,100.0,83.39823008849558
57665,18.0,64.70588235294117,46.294117647058826
38462,107.0,97.19626168224299,80.78504672897196
107377,21.0,95.23809523809523,71.57142857142857
109583,63.0,98.4126984126984,89.19047619047619
9097,62.0,95.16129032258065,61.79032258064516
31821,39.0,100.0,76.41025641025641
114068,9.0,77.77777777777779,59.77777777777778
277684,6.0,83.33333333333334,67.33333333333333
35175,24.0,100.0,75.70833333333333
35179,25.0,84.0,54.84
12515,53.0,92.45283018867924,68.64150943396227
14520,141.0,100.0,75.53900709219859
4861,236.0,100.0,86.14406779661017
9283,188.0,100.0,90.90957446808511
19941,63.0,100.0,68.66666666666667
16275,199.0,100.0,95.96482412060301
18119,27.0,96.29629629629629,72.70370370370371
85360,171.0,100.0,94.19883040935673
16276,280.0,100.0,93.925
24360,21.0,95.23809523809523,68.14285714285714
111953,23.0,100.0,84.3913043478261
24373,10.0,90.0,54.6
109134,3.0,,
83136,37.0,97.2972972972973,64.05405405405405
86518,54.0,100.0,91.92592592592592
83144,9.0,44.44444444444444,40.666666666666664
22872,248.0,100.0,85.64777327935222
119731,25.0,100.0,97.2
113962,16.0,100.0,87.25
12144,27.0,100.0,71.62962962962963
263524,139.0,100.0,95.32374100719424
266615,17.0,100.0,83.0
272096,34.0,100.0,69.52941176470588
49381,158.0,100.0,82.32278481012658
49379,176.0,100.0,89.57954545454545
29367,6.0,100.0,70.16666666666667
29372,17.0,100.0,71.29411764705883
87060,15.0,100.0,66.6
86976,103.0,97.02970297029702,67.86407766990291
41921,202.0,100.0,86.6930693069307
21360,179.0,100.0,88.15083798882682
20595,11.0,100.0,75.72727272727273
35211,85.0,97.6470588235294,84.36470588235294
44441,,,
78066,47.0,100.0,97.04255319148936
20798,2.0,,
3477,11.0,100.0,78.27272727272727
120542,19.0,100.0,63.10526315789474
24680,18.0,88.88888888888889,52.333333333333336
17932,210.0,99.52380952380952,82.6555023923445
78076,51.0,92.15686274509804,63.72549019607843
78069,43.0,100.0,92.88372093023256
20732,6.0,80.0,50.333333333333336
11692,26.0,100.0,83.53846153846153
110170,26.0,100.0,80.23076923076923
58415,129.0,100.0,84.9609375
18713,78.0,98.71794871794873,81.65384615384616
48792,49.0,100.0,77.55102040816327
64567,16.0,81.25,52.5
5366,232.0,100.0,90.07758620689656
128837,56.0,100.0,94.51785714285714
11720,160.0,100.0,81.71698113207547
11980,187.0,100.0,92.68983957219251
11761,178.0,100.0,87.08426966292134
11972,159.0,100.0,89.82389937106919
13376,157.0,100.0,95.96178343949045
12988,206.0,100.0,91.25728155339806
110460,6.0,100.0,70.83333333333333
13287,159.0,100.0,96.58227848101266
11780,152.0,99.3421052631579,79.33774834437087
12098,101.0,100.0,66.75247524752476
12091,51.0,98.0392156862745,79.49019607843137
71604,51.0,86.0,57.23529411764706
6747,88.0,96.5909090909091,74.0909090909091
70905,32.0,87.5,60.84375
93015,13.0,92.3076923076923,88.53846153846153
110132,9.0,100.0,70.11111111111111
89454,34.0,100.0,93.82352941176471
70385,40.0,97.5,81.725
114173,31.0,100.0,88.0
130477,20.0,100.0,78.0
264091,13.0,69.23076923076923,51.15384615384615
270972,5.0,100.0,63.8
272058,5.0,100.0,75.8
274956,54.0,77.35849056603774,55.94444444444444
2938,81.0,100.0,85.24691358024691
13653,40.0,100.0,86.125
14383,10.0,90.0,65.0
7424,15.0,93.33333333333333,51.733333333333334
80684,114.0,100.0,85.03508771929825
90065,31.0,96.7741935483871,76.61290322580645
90104,69.0,100.0,87.43478260869566
85288,5.0,25.0,38.8
43956,81.0,100.0,80.67901234567901
22796,171.0,100.0,91.3625730994152
91406,5.0,100.0,50.6
91406,,,
13986,117.0,100.0,89.47008547008546
13987,128.0,98.4375,69.296875
22807,16.0,75.0,51.9375
22803,21.0,85.71428571428571,51.523809523809526
21324,23.0,91.30434782608695,55.69565217391305
14659,36.0,97.22222222222221,78.27777777777777
111781,22.0,86.36363636363636,59.81818181818182
38921,6.0,80.0,48.333333333333336
104339,58.0,100.0,79.39655172413794
13779,22.0,100.0,80.68181818181819
59022,27.0,96.29629629629629,78.96153846153847
131353,49.0,97.91666666666666,79.16326530612245
82828,69.0,92.7536231884058,74.65217391304348
20281,45.0,100.0,69.06666666666666
18640,104.0,98.07692307692307,76.32692307692308
21072,23.0,100.0,79.65217391304348
12364,114.0,100.0,88.97368421052632
69961,116.0,100.0,91.88695652173914
29272,149.0,100.0,83.3758389261745
87161,13.0,92.3076923076923,62.53846153846154
38850,35.0,88.57142857142857,62.885714285714286
66711,70.0,95.71428571428572,67.18571428571428
66704,94.0,100.0,80.6236559139785
64009,102.0,100.0,74.55882352941177
72098,17.0,100.0,62.705882352941174
72535,8.0,87.5,55.0
48354,55.0,100.0,87.76363636363637
58785,66.0,98.48484848484848,72.81818181818181
58604,17.0,100.0,75.76470588235294
104406,20.0,100.0,80.85
5580,64.0,100.0,84.140625
31415,20.0,90.0,68.35
57615,115.0,100.0,85.16521739130435
15986,58.0,98.24561403508771,78.77586206896552
114671,1.0,,
68233,12.0,81.81818181818183,58.0
29992,47.0,95.74468085106383,74.53191489361703
58105,20.0,95.0,76.9
34415,127.0,100.0,92.35433070866142
47740,174.0,100.0,93.52298850574712
9771,101.0,100.0,85.85
10004,49.0,95.91836734693877,66.14285714285714
130863,11.0,100.0,87.18181818181819
92124,8.0,100.0,91.625
104461,25.0,100.0,87.52
18511,64.0,98.4375,74.109375
18524,13.0,100.0,64.76923076923077
35291,96.0,100.0,89.16842105263157
124701,140.0,100.0,90.85714285714286
44191,23.0,95.45454545454545,61.69565217391305
72606,20.0,90.0,63.7
127784,55.0,86.53846153846155,56.25454545454546
263188,12.0,83.33333333333334,59.5
20226,93.0,100.0,85.05376344086021
20228,67.0,100.0,84.28358208955224
44092,21.0,80.95238095238095,57.42857142857143
55686,8.0,100.0,78.75
27991,64.0,100.0,85.328125
69508,189.0,100.0,85.93121693121694
8465,7.0,83.33333333333334,54.714285714285715
69483,48.0,100.0,85.25
264056,10.0,90.0,60.7
54288,94.0,100.0,84.29787234042553
54290,25.0,100.0,68.44
31500,9.0,100.0,98.77777777777777
128098,9.0,55.55555555555556,45.55555555555556
13078,38.0,100.0,80.92105263157895
125280,4.0,,
264972,44.0,100.0,86.31818181818181
8954,41.0,100.0,78.58536585365853
66444,7.0,100.0,97.0
65268,80.0,100.0,86.1125
81366,4.0,,
122359,87.0,97.70114942528735,77.28735632183908
122350,16.0,93.75,60.3125
114522,9.0,100.0,52.333333333333336
10291,115.0,96.52173913043478,73.00869565217391
5629,70.0,98.57142857142858,79.87142857142857
7796,6.0,83.33333333333334,76.33333333333333
13654,103.0,100.0,94.93203883495146
85719,168.0,100.0,95.17261904761905
13671,110.0,98.1651376146789,82.72727272727273
75450,150.0,99.33333333333333,89.86666666666666
82667,176.0,98.86363636363636,85.55113636363636
89666,75.0,100.0,77.50666666666666
85724,5.0,100.0,81.8
81137,46.0,93.47826086956522,69.71739130434783
83515,49.0,97.91666666666666,82.25
115217,54.0,82.6923076923077,56.53703703703704
4759,106.0,100.0,96.41509433962264
114052,3.0,,
122691,6.0,100.0,72.0
71872,182.0,100.0,90.41208791208791
115242,44.0,97.67441860465115,82.68181818181819
106546,4.0,,
272008,2.0,,
127839,7.0,100.0,81.71428571428571
75347,41.0,100.0,75.7560975609756
72471,19.0,100.0,79.63157894736842
25957,13.0,100.0,66.3076923076923
27808,23.0,100.0,82.26086956521739
82603,58.0,100.0,78.27586206896552
73949,27.0,88.88888888888889,50.7037037037037
128910,14.0,100.0,67.0
130923,35.0,100.0,89.85714285714286
14476,105.0,100.0,88.0952380952381
82605,25.0,92.0,54.84
86237,17.0,100.0,77.23529411764706
105059,49.0,100.0,84.53061224489795
105062,70.0,100.0,77.81428571428572
52408,27.0,100.0,88.0
127022,8.0,37.5,42.125
112272,99.0,98.98989898989899,87.72727272727273
115449,6.0,100.0,71.0
115434,31.0,100.0,75.70967741935483
44511,82.0,92.6829268292683,67.36585365853658
44361,22.0,100.0,65.68181818181819
31059,153.0,100.0,78.61437908496733
46585,75.0,91.78082191780823,65.06666666666666
27568,122.0,99.18032786885246,91.40983606557377
55840,40.0,100.0,86.8
17153,39.0,100.0,89.35897435897436
25067,33.0,100.0,75.75757575757575
53948,34.0,97.05882352941177,63.411764705882355
30124,33.0,100.0,78.78787878787878
64320,23.0,86.36363636363636,54.0
3025,8.0,75.0,64.25
44069,56.0,100.0,76.17857142857143
31030,21.0,85.71428571428571,52.333333333333336
31145,4.0,,
19425,92.0,100.0,76.17391304347827
19391,118.0,100.0,86.8135593220339
132829,18.0,100.0,96.05555555555556
56561,12.0,100.0,70.08333333333333
83807,8.0,100.0,80.75
7276,76.0,96.05263157894737,74.46052631578948
65136,31.0,100.0,81.70967741935483
21224,31.0,70.0,52.935483870967744
53745,41.0,95.1219512195122,66.07317073170732
34978,66.0,100.0,79.92424242424242
25573,103.0,100.0,88.50980392156863
42131,50.0,100.0,76.3
26826,82.0,100.0,85.07317073170732
30998,51.0,100.0,91.58823529411765
263472,64.0,92.1875,75.34920634920636
34977,93.0,98.9247311827957,81.04301075268818
19190,5.0,100.0,54.8
35207,21.0,100.0,73.52380952380952
91403,10.0,77.77777777777779,61.2
75604,12.0,100.0,75.25
25439,76.0,100.0,84.51315789473684
22525,111.0,100.0,96.6036036036036
25446,84.0,100.0,79.41666666666667
25291,95.0,100.0,89.0421052631579
39055,43.0,100.0,91.23255813953489
25290,79.0,100.0,92.82278481012658
27325,33.0,93.93939393939394,71.15151515151516
275495,27.0,100.0,89.5925925925926
25441,116.0,100.0,95.22413793103448
25445,100.0,99.0,83.49
22522,94.0,100.0,85.96808510638297
25360,124.0,100.0,93.04838709677419
22524,109.0,99.08256880733946,87.33944954128441
25629,51.0,88.0,69.80392156862744
29723,45.0,90.9090909090909,66.13333333333334
39067,15.0,100.0,75.4
34914,65.0,90.76923076923077,70.47692307692307
114222,35.0,100.0,88.62857142857143
264015,31.0,100.0,78.80645161290323
269694,16.0,100.0,91.1875
30813,15.0,100.0,82.2
126304,59.0,91.52542372881356,68.72881355932203
27378,38.0,92.10526315789474,76.44736842105263
31470,57.0,85.71428571428571,64.0
275417,1.0,,
82653,11.0,100.0,76.54545454545455
25443,122.0,100.0,88.68032786885246
25627,36.0,100.0,81.80555555555556
25292,41.0,97.5,73.425
25385,188.0,100.0,96.41489361702128
31606,100.0,100.0,98.01
128590,27.0,96.15384615384616,69.25925925925925
275741,19.0,100.0,77.84210526315789
22521,71.0,100.0,96.19718309859155
34911,13.0,92.3076923076923,77.92307692307692
83530,82.0,100.0,91.7439024390244
22517,117.0,100.0,96.92307692307692
25438,108.0,100.0,92.23148148148148
22523,117.0,100.0,93.41880341880342
25350,112.0,100.0,95.05357142857143
22519,115.0,100.0,96.78260869565217
22518,84.0,100.0,93.97619047619048
43740,57.0,91.22807017543859,63.03508771929825
59776,1.0,,
17801,9.0,88.88888888888889,68.44444444444444
31605,110.0,100.0,98.38181818181818
263196,32.0,96.7741935483871,71.46875
267638,12.0,75.0,46.166666666666664
273597,29.0,75.86206896551724,48.827586206896555
25401,73.0,93.05555555555556,70.67123287671232
27323,144.0,100.0,88.13194444444444
27598,84.0,97.61904761904762,80.88095238095238
30749,5.0,100.0,44.6
267033,80.0,100.0,94.4375
86542,92.0,100.0,88.52173913043478
8251,33.0,84.84848484848484,54.21212121212121
9320,144.0,100.0,76.41666666666667
90106,19.0,84.21052631578947,49.473684210526315
9271,2.0,,
106180,11.0,100.0,82.0
122023,10.0,90.0,71.4
122134,32.0,93.75,72.12903225806451
11218,119.0,100.0,89.85714285714286
11184,125.0,100.0,91.824
17313,38.0,94.5945945945946,67.36842105263158
14796,14.0,100.0,69.57142857142857
15000,103.0,97.05882352941177,78.07766990291262
90442,23.0,82.6086956521739,62.43478260869565
75273,120.0,95.83333333333334,72.33333333333333
71046,117.0,100.0,83.13675213675214
34757,1.0,,
70998,140.0,100.0,94.16428571428571
71070,119.0,100.0,91.52100840336135
71111,112.0,93.75,65.14285714285714
75279,47.0,95.74468085106383,70.63829787234043
62040,2.0,,
114090,11.0,100.0,81.72727272727273
271267,3.0,,
105601,113.0,95.57522123893806,74.69911504424779
70595,15.0,57.14285714285714,37.733333333333334
6467,43.0,97.67441860465115,59.18604651162791
12668,33.0,93.93939393939394,67.9090909090909
7912,139.0,100.0,87.02877697841727
7929,123.0,100.0,86.70731707317073
79834,94.0,100.0,83.07446808510639
85502,77.0,98.7012987012987,79.24675324675324
133086,14.0,100.0,83.57142857142857
89006,16.0,75.0,63.8125
40627,167.0,100.0,84.2934131736527
92713,23.0,73.91304347826086,51.91304347826087
91800,32.0,93.54838709677419,74.28125
40698,141.0,100.0,89.94326241134752
89034,12.0,50.0,43.25
89051,28.0,96.42857142857143,66.85185185185185
81544,145.0,99.3103448275862,83.19310344827586
85917,51.0,100.0,93.50980392156863
81547,39.0,92.10526315789474,53.0
70250,144.0,100.0,91.26573426573427
89082,5.0,100.0,48.0
120823,22.0,90.47619047619048,57.31818181818182
55808,14.0,100.0,85.42857142857143
30816,13.0,81.81818181818183,55.38461538461539
25382,136.0,100.0,87.13235294117646
25384,77.0,93.5064935064935,69.01298701298701
29713,166.0,99.3975903614458,85.06024096385542
126132,1.0,,
132591,24.0,100.0,87.75
8668,2.0,,
14082,147.0,100.0,88.80952380952381
10213,197.0,100.0,82.37055837563452
59688,12.0,100.0,66.83333333333333
8595,10.0,55.55555555555556,43.7
110538,26.0,100.0,88.76923076923077
31341,24.0,62.5,41.958333333333336
24813,163.0,100.0,85.95092024539878
24381,115.0,99.12280701754386,78.25217391304348
38734,11.0,90.9090909090909,52.18181818181818
109904,13.0,61.53846153846154,34.53846153846154
6964,51.0,94.11764705882352,70.01960784313725
8027,34.0,97.05882352941177,79.11764705882354
10387,12.0,100.0,84.0
8230,73.0,100.0,82.84931506849315
9901,8.0,100.0,66.0
8264,37.0,94.5945945945946,75.4054054054054
24268,5.0,100.0,73.6
14410,163.0,99.38650306748467,85.96319018404908
13543,32.0,100.0,80.25
6937,30.0,93.33333333333333,67.6
89629,3.0,,
2883,163.0,100.0,90.17791411042944
34777,105.0,97.14285714285714,78.6952380952381
54394,60.0,100.0,82.76666666666667
90818,42.0,97.61904761904762,76.57142857142857
38711,24.0,100.0,73.95833333333333
69499,20.0,50.0,42.4
46603,70.0,98.57142857142858,76.64285714285714
120857,1.0,,
7863,91.0,86.81318681318682,57.23076923076923
71233,12.0,100.0,73.66666666666667
5448,223.0,100.0,91.5067264573991
10255,198.0,100.0,90.12121212121212
4748,203.0,100.0,80.99507389162562
5756,199.0,100.0,93.33165829145729
4043,165.0,100.0,85.86585365853658
4577,219.0,100.0,94.70183486238533
7263,177.0,100.0,75.48295454545455
55725,6.0,100.0,80.16666666666667
89596,79.0,100.0,84.9113924050633
119284,13.0,100.0,90.0
2982,77.0,100.0,95.84415584415585
57844,7.0,71.42857142857143,42.714285714285715
128429,8.0,100.0,90.375
83427,11.0,100.0,82.18181818181819
131270,17.0,100.0,90.29411764705883
262735,16.0,100.0,84.1875
271586,9.0,100.0,94.66666666666667
272702,1.0,,
7646,28.0,92.85714285714286,68.92857142857143
8038,23.0,100.0,78.21739130434783
19876,24.0,95.83333333333334,66.83333333333333
8190,55.0,98.14814814814815,71.96363636363637
42119,29.0,96.55172413793103,70.24137931034483
5163,137.0,99.27007299270073,85.04379562043796
5162,108.0,100.0,77.14814814814815
46658,1.0,,
35112,17.0,94.11764705882352,62.35294117647059
42053,3.0,,
53296,30.0,96.66666666666667,59.4
53411,88.0,98.86363636363636,74.5909090909091
264081,3.0,,
22669,13.0,100.0,59.15384615384615
89761,24.0,100.0,81.16666666666667
11064,36.0,100.0,82.80555555555556
19737,119.0,100.0,85.77310924369748
11427,85.0,98.82352941176471,81.67058823529412
3521,117.0,100.0,88.46153846153847
27208,21.0,100.0,80.0952380952381
131087,16.0,100.0,97.75
3782,79.0,98.73417721518987,75.58974358974359
107587,13.0,100.0,78.23076923076923
42127,13.0,100.0,64.3076923076923
109858,18.0,88.88888888888889,62.166666666666664
75954,101.0,97.02970297029702,84.27722772277228
75956,98.0,100.0,79.77551020408163
86495,24.0,100.0,82.5
6586,140.0,100.0,89.35714285714286
5961,129.0,100.0,79.88372093023256
130979,9.0,100.0,84.33333333333333
44673,121.0,100.0,84.47107438016529
44542,19.0,100.0,64.05263157894737
27569,127.0,100.0,85.40944881889764
267265,27.0,96.29629629629629,71.29629629629629
17397,28.0,100.0,92.28571428571429
64747,41.0,100.0,85.4390243902439
64743,36.0,97.22222222222221,70.83333333333333
40153,114.0,100.0,76.03508771929825
83765,28.0,96.42857142857143,63.214285714285715
38936,135.0,100.0,86.4888888888889
71957,86.0,100.0,81.95348837209302
54425,56.0,100.0,87.33928571428571
44709,11.0,100.0,78.36363636363636
83227,32.0,96.875,69.375
114107,22.0,90.9090909090909,79.77272727272727
80875,7.0,100.0,67.85714285714286
49087,149.0,100.0,89.30872483221476
83255,170.0,100.0,95.84705882352941
83251,186.0,100.0,94.3010752688172
80878,64.0,100.0,81.609375
83223,13.0,100.0,76.07692307692308
133300,26.0,92.3076923076923,64.65384615384616
279150,11.0,100.0,82.45454545454545
87862,38.0,97.36842105263158,79.57894736842105
74164,44.0,95.45454545454545,71.1590909090909
58793,46.0,100.0,87.97826086956522
55804,11.0,100.0,69.36363636363636
11146,107.0,99.06542056074767,85.72641509433963
10176,19.0,94.73684210526315,69.6842105263158
119403,14.0,76.92307692307693,58.57142857142857
86672,80.0,85.71428571428571,72.4
84826,64.0,98.4375,80.15873015873017
264525,22.0,100.0,93.36363636363636
19555,4.0,,
80263,42.0,97.61904761904762,82.30952380952381
80287,39.0,97.43589743589743,74.92307692307692
58198,7.0,85.71428571428571,66.14285714285714
20229,51.0,100.0,80.54901960784314
34943,55.0,100.0,85.63636363636364
86746,26.0,88.46153846153845,75.96153846153847
20456,16.0,56.25,50.0
6806,81.0,97.53086419753086,77.8641975308642
17830,160.0,100.0,95.37735849056604
17878,84.0,100.0,86.05952380952381
17873,153.0,100.0,95.50980392156863
62068,16.0,100.0,77.0625
17874,164.0,100.0,91.57317073170732
17843,75.0,94.66666666666667,67.8
126342,1.0,,
74141,17.0,100.0,90.29411764705883
42285,13.0,91.66666666666666,57.07692307692308
271998,212.0,100.0,94.10849056603773
17068,18.0,88.88888888888889,55.888888888888886
16192,67.0,100.0,87.41791044776119
92805,38.0,94.73684210526315,74.1842105263158
47203,32.0,93.75,63.5625
39149,8.0,75.0,57.5
39160,77.0,98.7012987012987,86.06493506493507
38603,47.0,100.0,79.93617021276596
29637,74.0,100.0,84.33783783783784
26233,45.0,100.0,94.91111111111111
25808,32.0,100.0,92.25
75041,6.0,66.66666666666666,48.333333333333336
56967,10.0,100.0,68.2
60207,7.0,85.71428571428571,54.142857142857146
31481,84.0,100.0,87.98809523809524
68114,32.0,96.875,73.46875
57389,8.0,57.14285714285714,40.5
14088,70.0,98.57142857142858,83.51428571428572
123932,16.0,100.0,85.625
80483,39.0,89.74358974358975,60.17948717948718
40119,68.0,98.52941176470588,88.13235294117646
15784,22.0,95.45454545454545,69.18181818181819
119013,6.0,50.0,45.5
17005,174.0,100.0,92.45402298850574
17028,136.0,100.0,81.95588235294117
42809,111.0,99.09909909909909,75.32432432432432
130843,22.0,100.0,96.0
29680,25.0,100.0,75.96
55650,86.0,100.0,83.19767441860465
55592,43.0,100.0,77.53488372093024
56719,9.0,88.88888888888889,57.0
56722,2.0,,
11483,112.0,97.2972972972973,78.85714285714286
46848,47.0,97.87234042553192,66.04255319148936
50340,76.0,92.10526315789474,60.171052631578945
91964,9.0,100.0,93.55555555555556
111037,172.0,100.0,86.04069767441861
268494,8.0,100.0,85.875
12540,117.0,100.0,89.04273504273505
18551,173.0,100.0,92.91907514450867
12596,113.0,85.45454545454545,55.65486725663717
12556,171.0,100.0,87.25146198830409
12587,165.0,98.7878787878788,77.17575757575757
119233,50.0,93.87755102040816,59.58
21602,48.0,97.91666666666666,75.33333333333333
13599,101.0,99.00990099009901,87.96039603960396
87311,27.0,96.15384615384616,78.81481481481481
72461,7.0,85.71428571428571,53.142857142857146
55334,204.0,99.50980392156863,86.16176470588235
83388,25.0,100.0,76.56
81519,3.0,,
25787,49.0,91.83673469387756,64.3265306122449
52489,27.0,100.0,61.888888888888886
12027,226.0,100.0,92.07522123893806
22715,38.0,91.66666666666666,59.39473684210526
12018,100.0,99.0,82.57
12046,174.0,100.0,88.5632183908046
15980,4.0,,
27513,14.0,71.42857142857143,51.714285714285715
9103,3.0,,
132035,5.0,100.0,71.6
79396,43.0,100.0,68.79069767441861
60799,39.0,100.0,65.46153846153847
70834,28.0,96.29629629629629,62.142857142857146
478901,4.0,,
275175,6.0,100.0,90.5
50276,31.0,100.0,70.45161290322581
25126,145.0,100.0,90.55555555555556
49265,35.0,94.11764705882352,64.05714285714286
130515,17.0,100.0,71.76470588235294
40056,111.0,100.0,87.84684684684684
110201,10.0,90.0,59.6
43661,19.0,78.94736842105263,57.526315789473685
43654,141.0,100.0,80.29787234042553
6936,138.0,100.0,94.68840579710145
64850,6.0,100.0,77.0
43651,170.0,100.0,94.1775147928994
61490,12.0,100.0,77.83333333333333
9151,40.0,100.0,86.75
13000,19.0,63.1578947368421,51.68421052631579
30207,110.0,98.18181818181819,86.22727272727273
31153,53.0,92.45283018867924,73.83018867924528
26386,37.0,94.5945945945946,64.94594594594595
38842,117.0,99.14529914529915,82.58119658119658
43642,41.0,100.0,74.95121951219512
16235,20.0,90.0,62.8
10024,1.0,,
50562,24.0,100.0,72.79166666666667
24283,128.0,100.0,90.9609375
24260,163.0,99.38650306748467,80.28220858895706
18610,138.0,98.55072463768117,80.71739130434783
24259,158.0,96.7948717948718,73.97452229299363
272892,11.0,100.0,84.36363636363636
47534,38.0,68.42105263157895,47.23684210526316
21547,44.0,100.0,86.70454545454545
14933,99.0,100.0,86.63636363636364
105233,22.0,95.45454545454545,72.18181818181819
105259,25.0,91.66666666666666,61.04
56020,150.0,100.0,90.03333333333333
11939,23.0,100.0,94.52173913043478
14597,82.0,100.0,90.41463414634147
18706,183.0,99.4535519125683,85.4535519125683
78961,5.0,0.0,38.4
12162,59.0,80.7017543859649,55.47457627118644
62131,25.0,100.0,67.72
9327,76.0,100.0,79.27631578947368
129409,30.0,100.0,83.4
91409,15.0,46.666666666666664,36.4
91409,1.0,,
88677,43.0,95.34883720930233,66.04651162790698
90577,19.0,100.0,79.6842105263158
90185,182.0,100.0,91.82777777777778
29142,163.0,100.0,87.80981595092024
121357,114.0,99.12280701754386,86.42105263157895
79391,147.0,97.95918367346938,84.20689655172414
88359,126.0,100.0,90.15873015873017
79204,188.0,100.0,96.85106382978724
79206,1.0,,
126415,133.0,99.24812030075188,77.43181818181819
92247,51.0,100.0,90.09803921568627
43580,105.0,100.0,97.8
31869,104.0,100.0,95.58653846153847
31263,43.0,100.0,89.72093023255815
104280,13.0,100.0,94.15384615384616
34199,220.0,100.0,97.36363636363636
86171,192.0,100.0,95.875
86095,49.0,100.0,87.89795918367346
79937,71.0,100.0,89.49295774647888
29427,51.0,100.0,85.58823529411765
30335,4.0,,
31832,112.0,100.0,96.49107142857143
31841,140.0,100.0,95.25
91173,41.0,90.2439024390244,71.65853658536585
43558,125.0,100.0,93.248
86679,77.0,94.8051948051948,70.50649350649351
121386,108.0,100.0,97.75
29670,126.0,100.0,94.064
29625,129.0,100.0,91.9140625
29624,176.0,100.0,95.02857142857142
86172,129.0,100.0,96.06201550387597
91128,42.0,100.0,85.64285714285714
49377,11.0,90.0,68.9090909090909
80293,4.0,,
83953,64.0,100.0,92.625
83115,14.0,100.0,59.642857142857146
83117,71.0,100.0,92.43661971830986
85478,59.0,98.30508474576271,87.62711864406779
124424,17.0,100.0,64.58823529411765
83105,74.0,100.0,92.9054054054054
31905,55.0,100.0,87.38181818181818
119392,10.0,90.0,52.9
262945,16.0,92.3076923076923,65.5
263263,9.0,100.0,86.22222222222223
133673,151.0,100.0,98.45695364238411
267633,10.0,100.0,85.7
133672,44.0,70.45454545454545,50.63636363636363
132412,38.0,91.66666666666666,70.1842105263158
115580,17.0,100.0,79.52941176470588
82414,70.0,100.0,96.91428571428571
271694,23.0,100.0,91.43478260869566
271702,11.0,90.9090909090909,71.27272727272727
29895,8.0,100.0,91.875
271696,17.0,100.0,96.17647058823529
272082,21.0,100.0,77.85714285714286
271695,5.0,100.0,99.4
274656,55.0,100.0,90.65454545454546
275595,27.0,100.0,86.25925925925925
123329,17.0,100.0,75.0
265545,17.0,100.0,86.23529411764706
272640,11.0,100.0,86.0909090909091
49698,46.0,93.47826086956522,77.1086956521739
70691,53.0,90.38461538461539,67.58490566037736
278630,5.0,100.0,72.0
71560,27.0,100.0,78.62962962962963
267003,45.0,100.0,94.28888888888889
110422,36.0,94.44444444444444,71.66666666666667
71559,87.0,97.70114942528735,82.11494252873563
70689,88.0,98.86363636363636,82.35227272727273
71548,26.0,100.0,98.15384615384616
21322,48.0,100.0,91.14583333333333
81138,36.0,94.44444444444444,70.47222222222223
69805,39.0,89.74358974358975,66.0
4439,133.0,98.49624060150376,82.01503759398496
87182,69.0,98.55072463768117,80.20289855072464
30304,33.0,100.0,81.60606060606061
60574,71.0,95.71428571428572,73.38028169014085
131438,41.0,100.0,88.41463414634147
10305,15.0,100.0,89.13333333333334
278352,124.0,97.58064516129032,85.06451612903226
12660,15.0,100.0,70.8
279415,10.0,80.0,51.4
12768,18.0,61.111111111111114,39.22222222222222
18661,20.0,95.0,65.55
25642,107.0,99.06542056074767,83.61682242990655
21101,10.0,40.0,32.2
478525,26.0,100.0,90.3076923076923
119212,6.0,50.0,44.333333333333336
52759,141.0,100.0,89.53191489361703
74960,21.0,90.47619047619048,50.523809523809526
131632,10.0,100.0,84.2
275798,6.0,16.666666666666664,25.166666666666668
61561,239.0,99.581589958159,81.05020920502092
71427,2.0,,
133655,1.0,,
59843,9.0,71.42857142857143,36.111111111111114
44449,84.0,98.80952380952381,85.72619047619048
85403,70.0,92.64705882352942,67.52857142857142
119017,13.0,84.61538461538461,43.38461538461539
34418,173.0,100.0,84.66473988439306
12529,53.0,98.11320754716981,70.9622641509434
12034,130.0,99.23076923076923,86.45384615384616
24497,16.0,75.0,52.1875
78217,25.0,95.83333333333334,70.2
13053,81.0,100.0,83.90123456790124
13382,42.0,100.0,83.11904761904762
19765,11.0,90.9090909090909,62.36363636363637
29579,17.0,94.11764705882352,56.588235294117645
8579,14.0,85.71428571428571,61.214285714285715
11985,92.0,88.76404494382022,65.16304347826087
9759,,,
86042,26.0,96.15384615384616,81.03846153846153
54118,39.0,97.43589743589743,78.35897435897436
74313,49.0,97.95918367346938,75.89795918367346
53180,39.0,94.5945945945946,70.02564102564102
53591,1.0,,
8319,57.0,100.0,89.66666666666667
266929,33.0,90.9090909090909,74.27272727272727
92941,66.0,100.0,86.10606060606061
8694,51.0,96.07843137254902,64.13725490196079
44209,59.0,86.20689655172413,63.49152542372882
24647,6.0,100.0,51.333333333333336
12372,83.0,100.0,82.26506024096386
24728,6.0,100.0,67.66666666666667
273365,10.0,85.71428571428571,53.6
75726,38.0,94.73684210526315,73.07894736842105
71615,34.0,97.05882352941177,77.41176470588235
64592,22.0,100.0,87.81818181818181
56120,59.0,91.37931034482759,74.89830508474576
23872,43.0,100.0,80.3953488372093
55168,14.0,92.85714285714286,63.285714285714285
23878,1.0,,
126219,17.0,76.47058823529412,53.705882352941174
84181,95.0,100.0,89.09473684210526
114963,138.0,100.0,95.34057971014492
272709,22.0,90.0,68.5
60971,142.0,100.0,94.52112676056338
66518,32.0,80.0,53.65625
91561,161.0,99.37888198757764,87.3975155279503
88251,96.0,100.0,80.77083333333333
60845,148.0,100.0,94.87162162162163
92005,15.0,100.0,84.73333333333333
31286,9.0,100.0,78.0
74030,19.0,66.66666666666666,49.10526315789474
275352,1.0,,
38722,11.0,100.0,69.0909090909091
23862,39.0,97.43589743589743,78.46153846153847
44193,17.0,100.0,85.52941176470588
87010,34.0,91.17647058823529,69.41176470588235
88219,10.0,90.0,83.4
106813,27.0,96.29629629629629,82.48148148148148
87639,38.0,97.36842105263158,72.5
274571,7.0,85.71428571428571,83.28571428571429
42438,88.0,98.86363636363636,81.125
78035,8.0,85.71428571428571,80.75
110206,46.0,95.65217391304348,66.1086956521739
126787,20.0,100.0,74.05
83982,18.0,100.0,81.77777777777777
5492,133.0,98.49624060150376,79.48872180451127
5491,161.0,99.37888198757764,88.68944099378882
48627,8.0,100.0,65.0
5930,15.0,93.33333333333333,53.46666666666667
11357,8.0,100.0,83.75
3893,93.0,100.0,84.55913978494624
79348,28.0,100.0,94.71428571428571
15718,165.0,100.0,96.95757575757575
77549,45.0,100.0,89.06666666666666
264106,6.0,100.0,66.66666666666667
19063,181.0,100.0,97.21666666666667
11305,89.0,96.5909090909091,70.07865168539325
3966,113.0,100.0,90.70796460176992
7610,138.0,100.0,95.80434782608695
3904,40.0,100.0,75.475
13413,49.0,100.0,88.36734693877551
13676,33.0,96.96969696969697,64.18181818181819
7000,115.0,100.0,97.61739130434782
3963,211.0,100.0,95.72985781990522
15715,93.0,100.0,86.70967741935483
26449,34.0,100.0,89.88235294117646
3920,81.0,100.0,93.01234567901234
3099,54.0,100.0,82.42592592592592
88730,14.0,100.0,77.28571428571429
15721,96.0,100.0,97.55208333333333
8576,101.0,99.00990099009901,75.79207920792079
87821,32.0,96.875,80.5625
13730,39.0,92.10526315789474,74.07692307692308
80312,20.0,100.0,82.1
269580,12.0,83.33333333333334,64.08333333333333
262227,112.0,100.0,84.29729729729729
133354,29.0,86.20689655172413,67.75862068965517
69205,15.0,100.0,58.0
27500,3.0,,
48189,18.0,100.0,76.38888888888889
70710,11.0,100.0,89.54545454545455
13745,121.0,100.0,88.3305785123967
62089,57.0,98.24561403508771,83.73684210526316
70709,20.0,100.0,93.95
73087,10.0,66.66666666666666,53.0
70157,19.0,100.0,58.26315789473684
34809,24.0,95.83333333333334,72.125
17142,12.0,100.0,50.583333333333336
48655,72.0,97.22222222222221,79.30555555555556
55152,26.0,100.0,89.07692307692308
55147,17.0,100.0,88.05882352941177
54262,109.0,100.0,92.45871559633028
55162,10.0,77.77777777777779,59.1
83458,69.0,100.0,86.73913043478261
69970,19.0,89.47368421052632,73.89473684210526
274249,1.0,,
84885,107.0,98.13084112149532,73.78301886792453
272897,11.0,50.0,29.454545454545453
12811,21.0,100.0,68.0952380952381
12442,83.0,100.0,75.91566265060241
14971,174.0,100.0,88.97126436781609
16290,16.0,87.5,49.9375
10276,5.0,100.0,72.2
271097,24.0,87.5,58.583333333333336
52864,75.0,100.0,92.62666666666667
109067,129.0,95.34883720930233,68.92248062015504
86660,182.0,100.0,87.28021978021978
74509,2.0,,
478466,4.0,,
55945,21.0,100.0,79.38095238095238
109406,57.0,94.73684210526315,68.57894736842105
109833,3.0,,
108868,48.0,95.83333333333334,59.770833333333336
7381,101.0,100.0,77.35643564356435
68380,124.0,99.18032786885246,84.51612903225806
92337,19.0,100.0,82.47368421052632
268512,52.0,98.07692307692307,91.57692307692308
270600,9.0,100.0,84.33333333333333
41090,123.0,100.0,87.42276422764228
41093,20.0,100.0,71.65
64789,36.0,100.0,98.25
64788,17.0,100.0,95.6470588235294
41641,119.0,100.0,92.97478991596638
55117,6.0,100.0,58.833333333333336
124259,12.0,75.0,61.416666666666664
48990,22.0,95.45454545454545,77.68181818181819
41901,44.0,97.72727272727273,73.52272727272727
42433,59.0,100.0,80.66101694915254
25381,91.0,100.0,85.82417582417582
20495,69.0,100.0,80.10144927536231
268116,4.0,,
24175,197.0,99.49238578680203,88.26395939086295
91029,117.0,97.43589743589743,83.51282051282051
27415,37.0,100.0,91.48648648648648
271359,29.0,100.0,95.34482758620689
270985,33.0,100.0,82.0
34220,40.0,89.47368421052632,58.6
19076,22.0,100.0,89.13636363636364
86571,42.0,100.0,83.76190476190476
20241,50.0,94.0,62.54
81714,76.0,100.0,75.53947368421052
25747,27.0,100.0,81.22222222222223
14889,74.0,100.0,84.01351351351352
25756,19.0,100.0,82.3157894736842
270482,18.0,66.66666666666666,53.888888888888886
64656,26.0,100.0,92.07692307692308
53612,80.0,95.0,79.5375
53617,203.0,100.0,90.7192118226601
73662,99.0,98.98989898989899,78.05050505050505
53609,83.0,100.0,95.07228915662651
53630,3.0,,
58149,32.0,96.7741935483871,65.625
53619,15.0,93.33333333333333,45.53333333333333
89964,49.0,97.95918367346938,74.85714285714286
126054,15.0,100.0,88.0
268421,105.0,100.0,90.94174757281553
275893,12.0,81.81818181818183,77.75
15476,107.0,100.0,81.79439252336448
28044,23.0,52.17391304347826,37.130434782608695
41954,25.0,100.0,90.48
28101,68.0,100.0,74.33823529411765
17858,20.0,100.0,69.0
111071,19.0,78.94736842105263,50.94736842105263
29619,19.0,100.0,62.68421052631579
87217,10.0,100.0,62.5
72979,20.0,90.0,68.95
27481,25.0,71.42857142857143,43.76
27470,109.0,100.0,88.8348623853211
267182,26.0,100.0,85.46153846153847
93155,3.0,,
84391,17.0,52.94117647058824,41.0
88299,30.0,96.66666666666667,53.3
48046,27.0,96.0,70.48148148148148
39044,231.0,98.69565217391305,79.76190476190476
17092,173.0,99.42196531791907,84.88439306358381
17553,176.0,99.43181818181817,86.94886363636364
132235,9.0,88.88888888888889,69.22222222222223
119130,43.0,74.4186046511628,54.651162790697676
109949,185.0,99.45945945945947,84.35675675675675
114322,75.0,70.66666666666667,51.306666666666665
114327,33.0,87.87878787878788,57.54545454545455
49074,17.0,100.0,93.82352941176471
23854,21.0,100.0,97.14285714285714
119847,8.0,100.0,96.0
271925,8.0,100.0,90.875
56671,150.0,100.0,96.40666666666667
52412,137.0,100.0,87.1094890510949
56670,17.0,86.66666666666667,69.82352941176471
87283,6.0,100.0,75.5
86434,60.0,100.0,89.45
24424,66.0,86.66666666666667,57.196969696969695
27924,87.0,91.76470588235294,68.10344827586206
268659,14.0,100.0,96.14285714285714
124668,68.0,100.0,96.70588235294117
25720,77.0,100.0,91.50649350649351
105839,197.0,100.0,97.68527918781726
25575,110.0,96.26168224299066,80.99090909090908
270222,60.0,100.0,91.43333333333334
270662,31.0,100.0,97.51612903225806
25414,12.0,72.72727272727273,51.416666666666664
28181,46.0,97.72727272727273,76.0
79715,200.0,100.0,89.845
83809,19.0,94.73684210526315,62.36842105263158
24020,213.0,100.0,93.68075117370893
92473,138.0,100.0,82.94927536231884
48943,55.0,94.54545454545455,64.81818181818181
43609,215.0,100.0,92.56744186046511
59588,16.0,93.75,59.3125
49385,26.0,96.15384615384616,66.03846153846153
46869,90.0,98.88888888888889,80.43333333333334
76152,76.0,96.05263157894737,66.46052631578948
115364,22.0,95.45454545454545,62.36363636363637
125325,25.0,92.0,60.8
275008,31.0,93.54838709677419,82.64516129032258
73270,30.0,96.66666666666667,60.46666666666667
29348,33.0,90.625,61.72727272727273
25248,148.0,100.0,87.51351351351352
25255,85.0,100.0,78.03529411764706
25250,27.0,88.88888888888889,55.74074074074074
54424,20.0,85.0,57.2
25269,38.0,97.36842105263158,71.65789473684211
30050,11.0,90.9090909090909,77.18181818181819
27150,71.0,100.0,90.37142857142857
133530,56.0,100.0,89.98214285714286
109054,15.0,93.33333333333333,67.13333333333334
30031,82.0,100.0,94.03658536585365
74156,27.0,100.0,88.26923076923077
74332,104.0,100.0,94.9326923076923
109345,42.0,92.85714285714286,76.73809523809524
109248,78.0,100.0,93.8076923076923
104847,15.0,92.3076923076923,57.666666666666664
109344,53.0,100.0,73.50943396226415
131602,19.0,100.0,72.21052631578948
272877,16.0,100.0,97.2
22104,33.0,90.9090909090909,64.75757575757575
14733,29.0,100.0,74.79310344827586
15247,122.0,100.0,86.52459016393442
40870,22.0,77.27272727272727,47.81818181818182
14440,74.0,89.1891891891892,65.01351351351352
21505,34.0,88.23529411764706,49.85294117647059
11001,95.0,100.0,81.4
8931,142.0,100.0,84.09154929577464
18218,27.0,100.0,57.0
115254,24.0,87.5,63.375
85780,163.0,100.0,95.33742331288343
41856,87.0,100.0,92.01149425287356
41849,57.0,94.73684210526315,62.75438596491228
24990,44.0,100.0,82.47727272727273
42113,60.0,100.0,86.41666666666667
41846,108.0,99.07407407407408,74.27777777777777
41859,158.0,100.0,92.18354430379746
52817,10.0,100.0,75.7
41858,179.0,100.0,87.92178770949721
41848,186.0,100.0,93.98924731182795
41860,97.0,89.69072164948454,62.123711340206185
41851,162.0,99.38271604938271,82.49382716049382
83397,32.0,87.5,61.03125
66363,14.0,100.0,90.57142857142857
113830,11.0,100.0,62.09090909090909
262312,68.0,94.11764705882352,76.29411764705883
86862,18.0,100.0,85.16666666666667
6243,62.0,100.0,85.14516129032258
6264,39.0,100.0,82.05128205128206
92591,57.0,98.24561403508771,67.87719298245614
68717,103.0,100.0,81.0873786407767
103533,30.0,100.0,69.76666666666667
64281,189.0,100.0,93.39153439153439
64282,131.0,100.0,82.36641221374046
64280,166.0,100.0,93.46385542168674
105255,23.0,91.30434782608695,54.91304347826087
103541,28.0,70.37037037037037,52.392857142857146
17101,88.0,100.0,79.22727272727273
26180,31.0,100.0,77.80645161290323
26767,20.0,100.0,82.05
262818,34.0,100.0,87.17647058823529
105126,32.0,100.0,75.34375
18910,49.0,100.0,73.0
19757,183.0,100.0,90.85245901639344
24553,53.0,96.22641509433963,65.90566037735849
18915,32.0,96.875,64.375
82680,28.0,89.28571428571429,63.392857142857146
14674,16.0,100.0,90.9375
80146,8.0,50.0,31.25
90083,47.0,82.97872340425532,49.42553191489362
47677,56.0,100.0,79.01818181818182
47210,79.0,100.0,85.11392405063292
53498,22.0,81.81818181818183,57.54545454545455
63497,1.0,,
51835,52.0,100.0,80.73076923076923
43385,174.0,100.0,90.99425287356321
25461,20.0,100.0,92.25
270506,37.0,100.0,92.54054054054055
272876,21.0,100.0,98.28571428571429
110260,222.0,100.0,91.62162162162163
27280,80.0,97.5,80.2125
34510,88.0,100.0,80.125
26954,38.0,97.36842105263158,82.3157894736842
27158,136.0,95.58823529411765,71.375
25835,43.0,100.0,95.30232558139535
23486,143.0,100.0,97.79020979020979
34505,166.0,100.0,94.8433734939759
34513,112.0,100.0,90.46428571428571
34506,171.0,100.0,98.49707602339181
126161,1.0,,
34512,184.0,100.0,98.10989010989012
129897,67.0,100.0,88.01515151515152
275355,12.0,100.0,88.91666666666667
275491,623.0,98.52700490998363,87.24032258064516
103822,22.0,100.0,93.77272727272727
22574,148.0,100.0,96.88513513513513
22932,116.0,100.0,88.94782608695652
83650,191.0,100.0,97.47894736842105
25712,59.0,100.0,97.47457627118644
22856,128.0,100.0,93.28125
22922,107.0,100.0,95.77570093457943
22897,124.0,100.0,96.08064516129032
29252,25.0,100.0,95.72
24346,88.0,100.0,91.4659090909091
81335,75.0,100.0,95.21333333333334
22592,128.0,100.0,97.74015748031496
86227,38.0,100.0,96.42105263157895
22778,86.0,100.0,98.29069767441861
80125,84.0,96.42857142857143,79.73809523809524
263456,12.0,100.0,83.41666666666667
23827,19.0,94.73684210526315,79.61111111111111
24345,164.0,100.0,91.52439024390245
25668,42.0,95.23809523809523,77.83333333333333
133453,154.0,100.0,98.35714285714286
133454,48.0,97.91666666666666,83.3125
266352,58.0,100.0,86.89655172413794
268858,2.0,,
271907,12.0,100.0,82.66666666666667
83621,66.0,100.0,83.31818181818181
104441,21.0,100.0,94.0952380952381
90365,8.0,100.0,96.5
25263,138.0,100.0,99.02173913043478
25801,242.0,100.0,98.34710743801652
25293,175.0,100.0,97.48275862068965
30184,17.0,87.5,70.82352941176471
79804,52.0,100.0,95.26923076923077
133533,171.0,100.0,93.15204678362574
25406,143.0,100.0,95.39160839160839
29239,71.0,100.0,82.77464788732394
133549,29.0,100.0,91.3103448275862
29820,30.0,100.0,88.33333333333333
24585,21.0,80.95238095238095,56.85
88067,150.0,99.33333333333333,81.94666666666667
88065,53.0,100.0,85.79245283018868
25388,48.0,100.0,87.25531914893617
91738,24.0,90.47619047619048,65.58333333333333
85020,14.0,85.71428571428571,66.57142857142857
25265,38.0,86.8421052631579,57.891891891891895
25407,168.0,100.0,98.22619047619048
88064,142.0,100.0,96.85211267605634
88066,164.0,100.0,93.5
88068,165.0,100.0,94.86666666666666
30629,32.0,100.0,74.1875
30502,167.0,100.0,96.1437125748503
40982,107.0,100.0,98.18691588785046
21092,130.0,97.65625,76.77692307692308
20395,46.0,86.95652173913044,62.08695652173913
41946,148.0,99.32432432432432,93.45945945945945
84874,38.0,100.0,96.47368421052632
120577,16.0,100.0,78.0
125087,8.0,100.0,73.875
104537,40.0,100.0,89.8
31134,19.0,100.0,95.15789473684211
27703,18.0,100.0,95.33333333333333
59581,105.0,100.0,87.98095238095237
44669,10.0,100.0,95.5
25956,110.0,100.0,98.74545454545455
27999,27.0,100.0,97.25925925925925
27812,90.0,100.0,94.27777777777777
27918,75.0,100.0,97.24
25682,109.0,100.0,98.46788990825688
30254,154.0,100.0,94.05228758169935
30690,118.0,100.0,96.7542372881356
22927,118.0,100.0,97.64406779661017
28603,107.0,100.0,97.44859813084112
30794,145.0,96.55172413793103,76.1448275862069
28516,129.0,100.0,97.33333333333333
31063,134.0,100.0,94.83582089552239
56095,90.0,100.0,98.76666666666667
27858,248.0,100.0,98.55645161290323
30251,178.0,100.0,97.56497175141243
49970,41.0,100.0,77.1219512195122
29755,27.0,100.0,94.18518518518519
27835,28.0,92.85714285714286,84.07142857142857
263334,166.0,100.0,96.92168674698796
264374,23.0,100.0,89.95652173913044
27005,45.0,100.0,98.62222222222222
30253,85.0,100.0,98.55294117647058
105309,2.0,,
127661,18.0,100.0,98.94444444444444
130665,18.0,100.0,97.66666666666667
130689,5.0,100.0,89.6
133547,26.0,100.0,93.15384615384616
272783,22.0,95.45454545454545,71.0909090909091
273209,32.0,100.0,96.71875
56463,34.0,97.05882352941177,71.52941176470588
59665,186.0,100.0,94.5027027027027
34621,143.0,99.3006993006993,85.16083916083916
88401,69.0,92.7536231884058,76.48529411764706
44248,149.0,100.0,95.04054054054055
267034,92.0,100.0,80.1413043478261
270503,8.0,100.0,91.5
105214,74.0,97.26027397260275,84.36486486486487
266036,19.0,100.0,87.57894736842105
25825,109.0,100.0,95.21100917431193
18789,97.0,100.0,93.8659793814433
30936,29.0,100.0,93.65517241379311
30761,23.0,100.0,84.21739130434783
19073,105.0,100.0,97.5
26799,17.0,94.11764705882352,86.52941176470588
133365,144.0,100.0,93.02097902097903
133558,41.0,100.0,96.41463414634147
27748,46.0,100.0,98.5
263354,17.0,100.0,97.76470588235294
25632,44.0,97.72727272727273,78.93181818181819
105291,16.0,100.0,83.0625
31581,66.0,95.45454545454545,78.95454545454545
11589,172.0,100.0,90.11046511627907
84878,13.0,100.0,87.84615384615384
85127,24.0,100.0,95.5
133569,1.0,,
272146,33.0,100.0,94.42424242424242
73747,22.0,95.45454545454545,81.18181818181819
73785,21.0,100.0,94.0
131718,203.0,99.01477832512316,89.15270935960591
270871,63.0,100.0,93.17460317460318
41853,44.0,100.0,96.81818181818181
46597,26.0,100.0,93.03846153846153
46647,16.0,100.0,92.625
133795,212.0,100.0,94.4691943127962
265873,55.0,100.0,98.23636363636363
272092,15.0,100.0,87.06666666666666
16423,123.0,100.0,95.2520325203252
91405,12.0,75.0,47.583333333333336
91405,2.0,,
16426,167.0,100.0,97.97005988023952
16422,198.0,100.0,92.78282828282828
16429,89.0,100.0,91.67415730337079
16427,76.0,100.0,89.64473684210526
16424,160.0,100.0,96.9748427672956
16425,169.0,100.0,94.37869822485207
16428,112.0,100.0,89.57142857142857
20580,60.0,100.0,77.55
26977,71.0,100.0,98.28169014084507
262811,27.0,100.0,75.55555555555556
104254,18.0,100.0,93.33333333333333
133639,10.0,100.0,92.8
266884,86.0,100.0,92.54651162790698
270348,1.0,,
84867,19.0,100.0,95.47368421052632
133629,12.0,100.0,92.5
25173,54.0,100.0,70.79629629629629
274944,6.0,100.0,94.16666666666667
34665,53.0,92.45283018867924,70.11320754716981
39099,117.0,100.0,99.36752136752136
478739,3.0,,
19730,149.0,100.0,94.95973154362416
29709,27.0,100.0,96.4074074074074
39649,105.0,100.0,98.65714285714286
39652,80.0,98.75,80.9875
103583,23.0,100.0,95.52173913043478
118675,58.0,100.0,92.79310344827586
130432,24.0,100.0,94.17391304347827
39647,103.0,100.0,96.18446601941747
30197,53.0,92.45283018867924,72.09433962264151
22413,83.0,100.0,80.55421686746988
4694,15.0,100.0,95.8
8246,7.0,100.0,81.14285714285714
128605,20.0,100.0,94.15
267158,30.0,100.0,97.63333333333334
276176,9.0,100.0,96.44444444444444
278320,4.0,,
82634,99.0,97.97979797979798,76.75757575757575
109301,15.0,93.33333333333333,64.6
88141,19.0,94.73684210526315,62.36842105263158
81241,120.0,99.16666666666667,84.05833333333334
109390,11.0,90.9090909090909,58.36363636363637
86231,16.0,87.5,62.875
12163,64.0,100.0,82.109375
124055,33.0,100.0,92.0
272388,2.0,,
118592,15.0,92.85714285714286,38.8
60483,146.0,99.31506849315068,79.3013698630137
103546,15.0,100.0,70.46666666666667
19622,102.0,99.01960784313727,82.22549019607843
19626,140.0,100.0,88.5
87250,10.0,77.77777777777779,55.1
92751,25.0,100.0,65.08
114250,69.0,100.0,75.72463768115942
276048,16.0,93.75,79.25
479403,4.0,,
104069,17.0,100.0,75.11764705882354
273618,10.0,100.0,68.7
42115,164.0,100.0,88.42073170731707
83264,79.0,96.20253164556962,59.379746835443036
119632,42.0,75.60975609756098,40.78048780487805
57231,11.0,100.0,73.63636363636364
91726,112.0,98.21428571428571,80.05357142857143
9491,80.0,100.0,83.05
74923,31.0,83.87096774193549,54.225806451612904
74924,99.0,96.96969696969697,75.86868686868686
61877,22.0,100.0,70.27272727272727
61929,55.0,94.54545454545455,77.01818181818182
88380,34.0,88.23529411764706,67.38235294117646
27972,121.0,100.0,92.47933884297521
133254,2.0,,
262853,7.0,100.0,82.28571428571429
17864,117.0,100.0,91.48717948717949
15396,84.0,98.80952380952381,75.91666666666667
271923,26.0,100.0,89.23076923076923
49102,66.0,96.96969696969697,75.75757575757575
6291,8.0,71.42857142857143,48.75
49584,93.0,100.0,89.34408602150538
109286,151.0,99.33774834437085,84.60264900662251
264123,16.0,100.0,96.5625
127340,25.0,96.0,66.04
55904,1.0,,
5536,119.0,100.0,88.74789915966386
9882,38.0,94.73684210526315,64.60526315789474
5156,161.0,100.0,91.74534161490683
6376,10.0,90.0,64.7
34641,44.0,100.0,83.86363636363636
23848,90.0,97.75280898876404,79.51685393258427
262771,13.0,100.0,81.61538461538461
111483,173.0,100.0,92.83236994219654
111447,142.0,98.57142857142858,78.1056338028169
111607,118.0,100.0,91.22881355932203
23515,83.0,100.0,73.3855421686747
276960,3.0,,
68318,14.0,100.0,74.42857142857143
73067,13.0,100.0,75.53846153846153
73059,7.0,85.71428571428571,53.57142857142857
270648,12.0,90.9090909090909,70.16666666666667
49836,14.0,100.0,73.71428571428571
91201,52.0,100.0,84.9423076923077
20077,14.0,100.0,82.07142857142857
93135,16.0,100.0,86.4375
103857,43.0,100.0,91.23255813953489
91250,168.0,98.80952380952381,83.48214285714286
127952,14.0,92.85714285714286,71.5
91926,27.0,92.5925925925926,74.70370370370371
40080,17.0,100.0,75.6470588235294
91282,75.0,100.0,83.01333333333334
3964,23.0,100.0,88.56521739130434
120262,19.0,100.0,76.52631578947368
15295,50.0,86.0,55.96
109550,4.0,,
6051,13.0,84.61538461538461,60.07692307692308
13422,4.0,,
4157,111.0,99.0909090909091,80.50450450450451
54147,26.0,96.15384615384616,80.65384615384616
11633,156.0,100.0,94.0448717948718
4626,154.0,100.0,86.76623376623377
88954,25.0,96.0,73.36
105477,,,
18895,123.0,100.0,84.88617886178862
19431,15.0,86.66666666666667,57.8
133560,41.0,97.5609756097561,72.0
133516,81.0,96.29629629629629,78.12345679012346
11714,164.0,100.0,93.97560975609755
11713,166.0,100.0,94.8132530120482
3807,49.0,100.0,74.26530612244898
84848,11.0,100.0,73.45454545454545
109020,5.0,100.0,66.2
84232,36.0,80.55555555555556,54.638888888888886
86346,43.0,100.0,79.86046511627907
21982,97.0,100.0,84.72164948453609
60194,29.0,93.10344827586206,58.724137931034484
63287,33.0,90.9090909090909,66.3030303030303
5271,113.0,100.0,91.01769911504425
9125,114.0,98.23008849557522,85.9298245614035
76170,13.0,81.81818181818183,64.3076923076923
9174,50.0,96.0,78.76
31040,41.0,83.78378378378379,54.853658536585364
29775,27.0,96.29629629629629,76.51851851851852
12361,131.0,100.0,89.04580152671755
34913,53.0,90.56603773584906,65.94339622641509
106263,8.0,100.0,74.0
104823,115.0,100.0,82.82608695652173
22643,70.0,98.50746268656717,77.71014492753623
9069,78.0,94.87179487179486,77.15384615384616
8615,114.0,100.0,93.36842105263158
12186,117.0,99.13793103448276,84.55555555555556
12309,5.0,60.0,47.2
12176,116.0,100.0,92.21551724137932
13075,16.0,68.75,53.6875
60233,16.0,87.5,58.6875
9025,47.0,95.74468085106383,83.61702127659575
38754,36.0,100.0,76.19444444444444
19553,125.0,100.0,86.432
34793,24.0,95.65217391304348,65.875
64631,97.0,100.0,95.47422680412372
12175,7.0,100.0,81.14285714285714
56313,93.0,100.0,91.94623655913979
8280,73.0,93.05555555555556,68.3972602739726
64607,8.0,100.0,63.25
3962,109.0,100.0,81.25688073394495
103573,5.0,100.0,81.6
9168,29.0,100.0,81.48275862068965
11258,14.0,100.0,90.14285714285714
17758,57.0,100.0,85.36842105263158
17863,19.0,100.0,96.05263157894737
9286,37.0,100.0,84.35135135135135
91402,20.0,90.0,48.85
91402,3.0,,
109770,38.0,100.0,76.56756756756756
11477,309.0,100.0,96.12012987012987
22402,19.0,94.11764705882352,84.05263157894737
11478,201.0,100.0,97.22885572139303
11476,146.0,100.0,89.35616438356165
66138,2.0,,
263466,3.0,,
271708,15.0,100.0,90.73333333333333
272326,54.0,100.0,92.12962962962963
11480,155.0,98.7012987012987,77.50967741935484
130634,82.0,92.5925925925926,68.1951219512195
91087,5.0,100.0,72.4
109873,20.0,95.0,82.45
121281,12.0,100.0,97.66666666666667
106157,37.0,97.2972972972973,84.08108108108108
91083,43.0,97.5609756097561,71.16279069767442
106559,175.0,100.0,97.61142857142858
11475,186.0,100.0,90.43548387096774
22477,10.0,100.0,82.7
42509,232.0,100.0,94.991341991342
133898,31.0,93.54838709677419,68.51612903225806
269094,14.0,100.0,76.78571428571429
19472,35.0,100.0,87.02857142857142
11479,178.0,100.0,90.42134831460675
68321,167.0,100.0,96.23353293413173
265124,13.0,100.0,91.38461538461539
11473,193.0,100.0,96.23834196891191
263069,111.0,93.57798165137615,68.93636363636364
11481,235.0,100.0,93.43404255319149
93188,44.0,100.0,89.1590909090909
16183,96.0,94.79166666666666,69.86458333333333
68270,225.0,100.0,95.47555555555556
108898,73.0,100.0,94.20547945205479
478936,6.0,100.0,82.66666666666667
133606,145.0,100.0,93.07586206896552
121553,86.0,100.0,98.05813953488372
11474,112.0,100.0,97.30357142857143
106556,104.0,99.03846153846155,81.84615384615384
133382,81.0,100.0,84.07407407407408
106868,145.0,99.30555555555556,84.64827586206897
11472,140.0,100.0,90.50714285714285
11876,54.0,100.0,79.31481481481481
35149,14.0,92.85714285714286,70.07142857142857
21343,108.0,100.0,87.22222222222223
16863,19.0,100.0,79.3157894736842
85130,12.0,100.0,74.16666666666667
38699,22.0,100.0,84.04545454545455
64977,27.0,92.5925925925926,70.22222222222223
38698,77.0,100.0,89.64935064935065
69254,19.0,100.0,89.10526315789474
129111,22.0,100.0,87.18181818181819
19245,55.0,100.0,82.85454545454546
84002,19.0,94.73684210526315,61.578947368421055
2937,77.0,98.7012987012987,82.81818181818181
2960,80.0,100.0,87.15
4468,7.0,100.0,69.85714285714286
2936,31.0,100.0,78.03225806451613
11027,105.0,95.1923076923077,79.54285714285714
74507,7.0,100.0,74.28571428571429
83056,2.0,,
23860,126.0,100.0,91.6984126984127
23742,88.0,98.86363636363636,89.0909090909091
26265,14.0,100.0,95.92857142857143
47624,132.0,99.24242424242425,85.52272727272727
23374,23.0,100.0,64.26086956521739
25797,24.0,100.0,84.0
58328,18.0,100.0,72.38888888888889
80619,46.0,100.0,79.08695652173913
85927,75.0,100.0,84.84
83991,1.0,,
271603,24.0,95.83333333333334,72.79166666666667
88044,44.0,100.0,95.43181818181819
105486,98.0,100.0,88.34693877551021
92505,172.0,100.0,85.41279069767442
88772,26.0,88.46153846153845,63.92307692307692
103494,4.0,,
34396,14.0,92.85714285714286,62.42857142857143
29251,20.0,95.0,62.2
27934,63.0,100.0,86.2063492063492
25757,27.0,96.29629629629629,74.77777777777777
47756,17.0,94.11764705882352,79.58823529411765
31220,140.0,100.0,95.67142857142858
133649,99.0,97.97979797979798,75.57575757575758
133645,135.0,100.0,87.31111111111112
74217,18.0,94.44444444444444,68.27777777777777
9889,111.0,100.0,96.35135135135135
9842,149.0,100.0,96.21476510067114
6746,46.0,97.82608695652173,73.43478260869566
6734,169.0,100.0,88.3491124260355
86524,45.0,93.33333333333333,70.24444444444444
73905,9.0,100.0,71.0
73913,24.0,100.0,62.458333333333336
92500,16.0,93.75,65.625
6275,83.0,100.0,84.62650602409639
6441,27.0,96.29629629629629,60.48148148148148
64946,94.0,100.0,90.62765957446808
85757,17.0,94.11764705882352,67.11764705882354
