RSPO szkoły,* liczba zdających,* zdawalność (%).1,średni wynik (%)
4117,77.0,100.0,61.44155844155844
3513,51.0,98.0392156862745,52.372549019607845
53597,75.0,100.0,62.22666666666667
6279,149.0,100.0,62.10738255033557
53680,9.0,88.88888888888889,35.666666666666664
109600,9.0,100.0,42.55555555555556
83543,47.0,93.61702127659576,47.63829787234042
85245,16.0,87.5,43.6875
12719,108.0,100.0,63.39814814814815
11640,77.0,100.0,51.20779220779221
11648,75.0,98.66666666666669,50.12
9883,8.0,87.5,49.375
26980,38.0,100.0,65.42105263157895
85576,21.0,100.0,68.95238095238095
18408,26.0,92.3076923076923,49.53846153846154
17491,70.0,100.0,55.79710144927536
12525,129.0,100.0,64.02325581395348
12527,133.0,100.0,64.37878787878788
27051,63.0,100.0,57.90476190476191
12707,179.0,100.0,70.37988826815642
18457,130.0,100.0,66.99230769230769
13768,153.0,100.0,60.36601307189542
12666,118.0,99.15254237288136,60.271186440677965
5503,12.0,91.66666666666666,57.583333333333336
12059,15.0,93.33333333333331,46.53333333333333
4931,41.0,100.0,42.21951219512195
12941,16.0,93.75,55.125
12494,192.0,100.0,67.05729166666667
8874,18.0,88.23529411764706,42.27777777777778
131044,35.0,97.14285714285714,49.51428571428571
266625,26.0,84.61538461538461,46.5
5098,90.0,100.0,54.644444444444446
13511,14.0,100.0,59.5
9962,21.0,100.0,52.0
104506,65.0,100.0,57.4
53555,24.0,83.33333333333334,43.625
24963,137.0,99.27007299270072,66.18248175182482
24965,85.0,97.6470588235294,53.08235294117648
24962,132.0,100.0,60.083333333333336
24964,62.0,95.08196721311477,53.79032258064516
274704,17.0,100.0,52.88235294117647
18731,137.0,100.0,60.75912408759124
21582,160.0,100.0,57.6625
21855,135.0,100.0,62.97037037037037
21854,61.0,100.0,48.90163934426229
9733,24.0,87.5,40.75
113729,12.0,100.0,61.083333333333336
40912,29.0,93.10344827586206,38.310344827586206
18449,99.0,100.0,58.898989898989896
30398,6.0,100.0,43.833333333333336
58372,117.0,96.58119658119658,58.965811965811966
58360,23.0,100.0,62.30434782608695
6788,112.0,99.10714285714286,59.705357142857146
6807,27.0,96.29629629629628,52.77777777777778
110236,41.0,100.0,58.36585365853659
110391,36.0,100.0,50.27777777777778
79751,115.0,99.1304347826087,59.80869565217391
26891,17.0,100.0,52.1764705882353
8422,38.0,100.0,50.94736842105263
56201,11.0,100.0,54.90909090909091
44536,18.0,88.88888888888889,49.833333333333336
56199,108.0,100.0,67.62962962962963
5622,11.0,90.9090909090909,45.90909090909091
44226,49.0,95.91836734693877,58.24489795918368
5447,8.0,100.0,46.125
8796,76.0,100.0,62.67105263157895
8461,170.0,99.41176470588236,56.60588235294118
84682,179.0,100.0,66.77653631284916
77987,14.0,100.0,70.42857142857143
83866,96.0,96.875,48.270833333333336
25220,224.0,99.55357142857144,62.11607142857143
8803,85.0,98.82352941176472,44.34117647058824
8771,128.0,100.0,61.4375
84309,40.0,100.0,67.3
84029,159.0,100.0,65.9496855345912
84173,55.0,90.9090909090909,50.63636363636363
7670,159.0,100.0,68.0754716981132
89690,98.0,100.0,71.44897959183673
113503,24.0,100.0,54.208333333333336
121296,44.0,100.0,56.52272727272727
268702,8.0,87.5,45.625
30976,15.0,100.0,54.2
83884,14.0,85.71428571428571,47.35714285714285
43581,119.0,98.31932773109244,56.52100840336134
62074,56.0,100.0,65.42857142857143
31333,155.0,100.0,65.11612903225806
108745,158.0,96.83544303797468,51.81645569620253
70761,20.0,95.0,56.3
109422,114.0,100.0,69.15789473684211
31317,120.0,100.0,71.84166666666667
9380,141.0,100.0,65.7872340425532
105381,19.0,94.73684210526316,47.8421052631579
106383,21.0,100.0,51.71428571428572
59955,22.0,81.81818181818183,39.27272727272727
90514,14.0,92.85714285714286,54.0
82558,12.0,66.66666666666666,38.833333333333336
89838,34.0,100.0,57.44117647058823
114722,12.0,100.0,47.41666666666666
7299,7.0,100.0,57.142857142857146
6541,96.0,96.875,58.21875
127204,21.0,95.23809523809524,38.42857142857143
23586,140.0,100.0,52.15714285714286
15031,28.0,100.0,61.60714285714285
25709,31.0,100.0,62.41935483870968
7818,12.0,81.81818181818183,40.91666666666666
61502,156.0,100.0,65.83974358974359
25599,158.0,100.0,60.99367088607595
263987,33.0,100.0,62.90909090909091
272798,28.0,82.14285714285714,42.392857142857146
107409,65.0,100.0,61.50769230769231
49344,9.0,100.0,45.22222222222222
50272,81.0,100.0,60.123456790123456
86439,24.0,100.0,57.69565217391305
53333,55.0,98.1818181818182,51.50909090909091
25362,18.0,100.0,45.833333333333336
17730,83.0,95.18072289156626,52.16867469879518
6968,144.0,99.30555555555556,58.54166666666666
18579,125.0,97.6,52.272
11182,128.0,100.0,62.7734375
7983,46.0,95.65217391304348,56.45652173913044
17601,42.0,85.36585365853658,47.24390243902439
15300,81.0,100.0,58.098765432098766
18356,122.0,95.0413223140496,49.278688524590166
86002,64.0,100.0,58.375
6954,169.0,100.0,65.32544378698225
74772,149.0,100.0,69.55704697986577
6934,176.0,100.0,54.67045454545455
7051,124.0,100.0,72.91935483870968
7099,112.0,100.0,67.125
7753,152.0,100.0,74.13815789473684
11181,188.0,100.0,63.78191489361702
81759,15.0,93.33333333333331,50.8
43409,18.0,100.0,49.94444444444444
81755,15.0,93.33333333333331,63.333333333333336
11174,30.0,100.0,63.9
72039,12.0,83.33333333333334,37.083333333333336
7982,200.0,100.0,61.375
57154,13.0,69.23076923076923,32.76923076923077
43407,39.0,97.43589743589745,51.74358974358975
122271,24.0,91.66666666666666,50.958333333333336
125432,56.0,89.28571428571429,46.94642857142857
130828,39.0,89.74358974358975,42.61538461538461
133201,30.0,100.0,47.7
103727,32.0,100.0,68.0625
262211,133.0,100.0,59.70676691729323
265997,11.0,100.0,45.45454545454545
271870,47.0,100.0,57.34782608695652
89762,53.0,100.0,60.735849056603776
83567,77.0,98.7012987012987,65.33766233766234
269487,7.0,100.0,50.42857142857143
25697,102.0,99.01960784313728,48.25490196078432
4045,122.0,100.0,57.33057851239669
3640,160.0,100.0,59.975
29583,162.0,100.0,68.03086419753086
30451,16.0,100.0,50.25
31207,66.0,100.0,57.72307692307693
6128,24.0,100.0,57.083333333333336
18942,187.0,100.0,64.475935828877
21211,70.0,98.57142857142858,47.8
3620,121.0,100.0,65.74380165289256
23199,215.0,100.0,63.82790697674419
3957,201.0,100.0,55.45771144278607
262373,23.0,91.30434782608695,46.26086956521739
196346,79.0,100.0,64.16455696202532
38713,66.0,98.48484848484848,51.93939393939394
34660,198.0,99.4949494949495,65.07575757575758
42757,8.0,100.0,63.625
108996,59.0,98.27586206896552,56.83050847457627
38705,21.0,95.23809523809524,64.47619047619048
271088,22.0,100.0,51.54545454545455
38716,27.0,96.29629629629628,62.333333333333336
82886,57.0,92.98245614035088,55.98245614035088
131149,30.0,70.0,38.23333333333333
59054,146.0,100.0,68.55479452054794
47245,19.0,100.0,69.57894736842105
71878,110.0,99.0909090909091,60.11818181818182
57720,87.0,100.0,62.12643678160919
58113,46.0,89.13043478260869,41.26086956521739
269275,26.0,76.92307692307693,40.69230769230769
272464,14.0,100.0,45.142857142857146
21234,131.0,100.0,60.98473282442748
21556,90.0,97.77777777777776,54.11111111111112
26505,28.0,66.66666666666666,36.392857142857146
133144,17.0,100.0,73.70588235294117
71243,93.0,98.9247311827957,70.15053763440861
71328,139.0,100.0,56.15107913669065
28129,61.0,89.83050847457628,45.60655737704918
118822,8.0,87.5,44.875
83317,22.0,95.45454545454544,64.86363636363636
31861,43.0,100.0,62.30232558139535
111536,19.0,100.0,60.89473684210526
107075,116.0,100.0,69.30172413793103
126766,40.0,100.0,67.95
119399,7.0,100.0,63.71428571428572
126767,24.0,100.0,64.125
7943,105.0,100.0,49.27619047619048
52789,19.0,100.0,63.31578947368421
10331,133.0,99.24812030075188,66.86466165413533
10244,91.0,100.0,67.49450549450549
10330,102.0,100.0,63.21568627450981
58315,21.0,100.0,41.47619047619048
78987,22.0,100.0,42.63636363636363
119235,14.0,100.0,68.92857142857143
131614,25.0,96.0,57.84
88264,13.0,100.0,55.69230769230769
88278,17.0,93.75,47.35294117647059
125817,20.0,85.0,39.25
130408,21.0,95.23809523809524,54.23809523809524
129533,38.0,86.8421052631579,44.026315789473685
263525,18.0,94.44444444444444,59.44444444444444
12126,23.0,100.0,52.130434782608695
5431,112.0,100.0,67.16964285714286
5060,41.0,100.0,63.51219512195122
5519,76.0,100.0,58.88157894736842
12233,85.0,100.0,69.16470588235295
26424,170.0,100.0,69.62721893491124
16568,171.0,100.0,68.7764705882353
86404,15.0,86.66666666666667,40.93333333333333
77993,35.0,100.0,50.48571428571429
43834,23.0,78.26086956521739,35.82608695652174
31842,34.0,70.58823529411765,30.91176470588235
24063,11.0,100.0,80.18181818181819
25092,86.0,98.83720930232558,64.95348837209302
22959,148.0,99.32432432432432,68.08108108108108
24106,90.0,100.0,72.12359550561797
131700,41.0,55.00000000000001,35.36585365853659
30203,49.0,100.0,50.10204081632653
19202,124.0,100.0,52.69918699186992
73138,94.0,85.1063829787234,38.223404255319146
55531,60.0,100.0,53.75
13908,29.0,82.75862068965517,38.13793103448276
23579,190.0,100.0,60.6
17862,164.0,98.78048780487804,61.3719512195122
4148,81.0,97.53086419753086,54.71604938271605
8509,52.0,98.07692307692308,55.78846153846154
8510,8.0,100.0,56.25
93089,20.0,95.0,55.55
5092,24.0,100.0,62.41666666666666
93121,24.0,100.0,45.958333333333336
17834,11.0,100.0,54.27272727272727
13719,90.0,98.88888888888889,57.08888888888889
56982,45.0,97.77777777777776,62.04444444444445
70909,49.0,100.0,61.53061224489796
75681,25.0,100.0,66.56
85164,57.0,100.0,65.05263157894737
84463,24.0,100.0,53.16666666666666
92846,25.0,100.0,60.76
84468,15.0,93.33333333333331,52.93333333333333
74636,99.0,100.0,69.88888888888889
25568,123.0,99.1869918699187,64.4959349593496
34526,204.0,100.0,70.26960784313725
34531,132.0,100.0,64.0909090909091
80864,99.0,100.0,67.24242424242425
89944,47.0,100.0,63.680851063829785
58354,128.0,100.0,67.4921875
84488,28.0,96.29629629629628,49.07142857142857
81294,44.0,100.0,52.81818181818182
120259,12.0,91.66666666666666,60.45454545454545
87613,57.0,100.0,62.77192982456141
123263,7.0,100.0,46.285714285714285
4387,46.0,93.47826086956522,49.32608695652174
271908,14.0,92.85714285714286,44.285714285714285
272838,7.0,100.0,63.142857142857146
74208,115.0,100.0,61.82456140350877
91985,33.0,100.0,66.59375
24732,37.0,86.48648648648648,45.5945945945946
22868,34.0,87.87878787878788,48.8235294117647
23623,127.0,100.0,65.5748031496063
23621,165.0,100.0,66.45454545454545
23622,33.0,93.93939393939394,58.45454545454545
23535,31.0,100.0,58.096774193548384
20989,9.0,50.0,26.11111111111111
29883,46.0,100.0,58.56521739130435
68252,29.0,100.0,71.17241379310344
30458,56.0,100.0,48.69642857142857
30076,172.0,100.0,69.73099415204679
30101,142.0,100.0,70.21126760563381
27498,76.0,100.0,67.61842105263158
30058,39.0,94.73684210526316,47.84615384615385
26284,26.0,100.0,62.26923076923077
9126,47.0,100.0,79.1063829787234
41491,50.0,100.0,56.86
8663,163.0,100.0,66.11656441717791
8664,176.0,100.0,64.16477272727273
44112,16.0,100.0,58.1875
44074,56.0,100.0,62.96428571428572
91988,21.0,100.0,61.285714285714285
52803,58.0,98.27586206896552,46.172413793103445
84260,17.0,100.0,41.47058823529412
58134,175.0,100.0,68.62857142857143
42178,31.0,90.32258064516128,50.29032258064516
42262,179.0,100.0,68.49162011173185
42364,120.0,97.5,59.35
38949,122.0,100.0,78.12295081967213
40944,111.0,100.0,69.49549549549549
49532,117.0,100.0,69.9396551724138
42024,216.0,100.0,72.50462962962963
42095,148.0,100.0,64.51351351351352
58221,23.0,100.0,71.04347826086956
125851,15.0,93.33333333333331,62.5
264219,22.0,100.0,57.95454545454545
264221,46.0,100.0,71.15217391304348
270491,14.0,100.0,68.28571428571429
25062,6.0,100.0,57.16666666666666
81509,20.0,95.0,49.1
53795,47.0,95.74468085106383,53.680851063829785
42015,72.0,90.2777777777778,47.208333333333336
73857,9.0,100.0,61.0
24237,159.0,100.0,61.563291139240505
24218,157.0,100.0,57.70512820512821
24207,161.0,100.0,62.38125
43493,47.0,84.78260869565217,43.869565217391305
11245,79.0,100.0,66.50632911392405
11695,185.0,100.0,64.92972972972973
10381,38.0,100.0,58.13157894736842
8643,14.0,100.0,61.85714285714285
11050,130.0,100.0,67.0
11790,55.0,96.36363636363636,50.27272727272727
11492,62.0,100.0,64.01612903225806
11149,158.0,100.0,60.68987341772152
84328,48.0,100.0,55.583333333333336
119262,13.0,100.0,55.0
49962,14.0,100.0,47.85714285714285
29786,10.0,100.0,59.0
264745,31.0,100.0,59.70967741935484
20220,54.0,98.1132075471698,56.74074074074074
19714,64.0,100.0,57.3015873015873
20543,21.0,100.0,49.47619047619048
80648,162.0,97.53086419753086,60.42592592592592
69810,98.0,95.8762886597938,60.74489795918368
68310,46.0,100.0,55.76086956521739
108718,39.0,100.0,66.53846153846153
269932,11.0,100.0,49.72727272727273
74792,38.0,100.0,61.8421052631579
89347,92.0,100.0,61.5
89261,59.0,100.0,68.89830508474576
12931,6.0,100.0,60.0
30409,24.0,100.0,69.375
12925,23.0,100.0,55.69565217391305
92352,23.0,100.0,66.21739130434783
28520,8.0,100.0,51.875
28724,28.0,100.0,59.10714285714285
3974,60.0,78.33333333333333,41.53333333333333
10840,146.0,100.0,71.1103448275862
5738,85.0,98.82352941176472,49.03529411764706
5438,251.0,100.0,66.69322709163346
10845,78.0,100.0,59.30769230769231
5668,107.0,100.0,64.2803738317757
10812,26.0,92.3076923076923,52.24
5449,142.0,100.0,70.04929577464789
10830,82.0,100.0,60.69512195121951
10699,180.0,100.0,64.27777777777777
23747,55.0,96.36363636363636,50.27272727272727
122479,39.0,97.43589743589745,53.92307692307692
263703,10.0,100.0,52.4
92728,43.0,100.0,60.395348837209305
49509,17.0,100.0,57.294117647058826
53768,84.0,96.42857142857144,59.833333333333336
71115,72.0,100.0,60.22222222222222
105877,28.0,100.0,60.92857142857143
7948,105.0,99.04761904761904,65.48571428571428
8104,27.0,70.37037037037037,38.44444444444444
61577,23.0,100.0,64.21739130434783
34318,165.0,99.3939393939394,52.56363636363636
34319,100.0,91.0,51.6
15670,62.0,98.38709677419357,56.354838709677416
17188,141.0,100.0,69.45390070921985
66445,16.0,100.0,71.75
20703,161.0,99.37888198757764,69.83229813664596
23638,35.0,94.28571428571428,46.71428571428572
121959,33.0,96.96969696969695,53.54545454545455
17160,94.0,95.74468085106383,52.41489361702128
2884,23.0,100.0,61.08695652173913
84541,40.0,95.0,53.05
18402,108.0,100.0,62.30555555555556
104142,45.0,100.0,50.95555555555556
75655,127.0,100.0,65.83464566929133
24775,48.0,100.0,56.770833333333336
53380,161.0,100.0,64.37267080745342
74550,154.0,99.35064935064936,66.00649350649351
264713,11.0,100.0,58.18181818181818
87534,92.0,98.91304347826086,51.40217391304348
87456,76.0,100.0,52.28947368421053
89411,26.0,84.61538461538461,40.34615384615385
87710,121.0,98.34710743801654,49.72727272727273
48176,102.0,98.0392156862745,52.77450980392157
35289,88.0,100.0,63.76136363636363
38740,187.0,100.0,62.075268817204304
39228,165.0,100.0,74.74545454545455
91595,60.0,100.0,70.51666666666667
125788,8.0,62.5,38.0
131192,55.0,70.9090909090909,35.85454545454545
264878,31.0,100.0,66.2258064516129
87569,22.0,77.27272727272727,41.81818181818182
86436,47.0,97.87234042553192,67.0
86437,67.0,97.01492537313432,66.86567164179104
80656,15.0,93.33333333333331,44.0
80388,117.0,99.14529914529916,57.52136752136752
82379,84.0,88.09523809523809,45.04819277108434
92329,30.0,100.0,64.56666666666666
92325,9.0,77.77777777777779,45.44444444444444
82547,129.0,100.0,65.3953488372093
20508,100.0,100.0,63.73
92331,21.0,100.0,50.80952380952381
133413,141.0,100.0,53.8581560283688
74025,43.0,100.0,55.55813953488372
74027,37.0,91.8918918918919,46.30555555555556
66146,30.0,100.0,62.6
7843,37.0,100.0,53.94594594594594
268101,22.0,100.0,55.90909090909091
27799,63.0,90.47619047619048,42.98412698412698
106591,48.0,97.91666666666666,55.10416666666666
23129,125.0,100.0,62.968
15815,165.0,100.0,65.00613496932516
38536,138.0,98.55072463768116,53.05072463768116
74129,10.0,100.0,48.4
23037,133.0,100.0,65.9090909090909
23038,125.0,100.0,64.328
23039,77.0,100.0,60.1948051948052
43471,62.0,96.7741935483871,50.064516129032256
43423,33.0,100.0,66.63636363636364
69452,24.0,100.0,54.625
70272,179.0,98.8826815642458,55.1340782122905
43482,115.0,98.2608695652174,54.01739130434783
23971,42.0,100.0,51.095238095238095
23940,28.0,100.0,57.35714285714285
23983,43.0,97.67441860465117,48.13953488372093
23973,42.0,92.85714285714286,40.23809523809524
47260,55.0,98.1818181818182,54.23636363636364
47276,17.0,100.0,67.94117647058823
23975,165.0,99.3939393939394,61.46666666666667
29707,100.0,99.0,56.26
24002,64.0,90.625,44.25
23981,76.0,96.05263157894736,53.078947368421055
29217,18.0,94.44444444444444,41.16666666666666
73284,32.0,100.0,63.9375
30500,33.0,84.84848484848484,47.121212121212125
48633,26.0,96.15384615384616,65.11538461538461
73299,122.0,100.0,65.55737704918033
22830,125.0,100.0,65.496
83153,16.0,100.0,54.0
105506,143.0,99.3006993006993,67.39160839160839
114103,12.0,83.33333333333334,46.5
109285,44.0,100.0,60.22727272727273
107049,74.0,95.94594594594594,47.91891891891892
6163,40.0,100.0,55.975
115558,55.0,100.0,57.054545454545455
20816,18.0,88.88888888888889,38.388888888888886
8878,59.0,100.0,53.86440677966102
11273,21.0,66.66666666666666,36.142857142857146
7254,225.0,100.0,61.16888888888889
21450,34.0,76.66666666666667,34.35294117647059
13483,10.0,80.0,38.2
268879,16.0,100.0,59.4375
7917,53.0,98.07692307692308,48.54716981132076
7892,74.0,100.0,61.67567567567568
133386,37.0,100.0,49.62162162162162
11019,19.0,94.73684210526316,44.73684210526316
8865,45.0,91.11111111111111,44.91111111111111
53314,38.0,100.0,67.23684210526316
61001,113.0,100.0,59.93805309734513
78212,21.0,100.0,57.95238095238095
60994,182.0,100.0,61.0
60988,146.0,100.0,68.26712328767124
17525,37.0,97.2972972972973,48.729729729729726
55203,128.0,100.0,60.265625
41928,251.0,99.601593625498,63.48
27222,18.0,94.44444444444444,52.22222222222222
18998,192.0,99.47916666666666,57.348958333333336
14961,160.0,100.0,55.00625
11576,98.0,94.89795918367348,50.734693877551024
20821,31.0,100.0,45.67741935483871
85984,21.0,52.38095238095239,31.904761904761905
80383,23.0,100.0,46.17391304347826
87494,12.0,100.0,43.16666666666666
104910,107.0,91.58878504672896,45.570093457943926
41295,133.0,99.24812030075188,52.34848484848485
14995,146.0,100.0,60.23287671232877
111937,30.0,83.33333333333334,39.86666666666667
14390,72.0,98.61111111111111,57.80555555555556
14413,56.0,98.1818181818182,55.55357142857143
87122,168.0,100.0,65.5
72575,46.0,82.6086956521739,43.91304347826087
87280,173.0,99.4186046511628,59.58139534883721
13912,9.0,77.77777777777779,40.11111111111112
66134,178.0,99.438202247191,58.38202247191011
16831,117.0,100.0,58.8974358974359
86129,19.0,89.47368421052632,51.36842105263158
103477,55.0,92.72727272727272,40.32727272727273
87273,18.0,94.44444444444444,41.77777777777778
87868,15.0,46.66666666666666,25.33333333333333
52854,165.0,99.3939393939394,67.80606060606061
52857,162.0,100.0,73.62732919254658
51790,126.0,98.4126984126984,59.90476190476191
68477,49.0,100.0,61.42857142857143
12173,34.0,100.0,64.44117647058823
52409,123.0,100.0,73.04065040650407
58362,31.0,100.0,61.12903225806452
91549,99.0,95.95959595959596,49.686868686868685
73924,93.0,100.0,65.12903225806451
86975,117.0,100.0,70.82905982905983
52855,137.0,98.54014598540148,61.416058394160586
87848,21.0,100.0,66.9047619047619
52697,124.0,100.0,74.36290322580645
64285,28.0,100.0,52.21428571428572
104677,190.0,100.0,71.07368421052631
88974,64.0,96.66666666666669,54.28125
92673,8.0,100.0,57.625
52853,159.0,100.0,70.71069182389937
83796,22.0,90.9090909090909,50.04545454545455
58882,115.0,100.0,58.03478260869565
52410,194.0,100.0,71.92268041237114
87849,44.0,100.0,54.61363636363637
104416,23.0,100.0,56.869565217391305
89302,26.0,80.0,45.46153846153846
121880,66.0,100.0,70.9090909090909
113811,68.0,98.50746268656717,47.338235294117645
64353,62.0,100.0,59.95161290322581
52860,164.0,99.39024390243902,63.84049079754601
79336,20.0,100.0,56.7
79023,106.0,97.16981132075472,51.08490566037736
88975,63.0,84.12698412698413,45.31746031746032
104761,17.0,62.5,30.0
132636,37.0,94.5945945945946,47.91666666666666
133758,108.0,99.07407407407408,60.6822429906542
133759,208.0,100.0,64.36538461538461
272252,15.0,100.0,63.6
268899,17.0,100.0,40.47058823529412
88916,18.0,100.0,46.61111111111112
17208,19.0,89.47368421052632,47.36842105263158
22102,23.0,100.0,55.30434782608695
15314,55.0,100.0,53.70909090909091
6914,209.0,100.0,65.14832535885168
5686,115.0,100.0,66.18260869565218
74074,44.0,93.18181818181816,46.95454545454545
106722,38.0,100.0,55.78947368421053
73005,75.0,100.0,64.30666666666667
74201,16.0,100.0,53.75
24998,23.0,86.95652173913044,48.73913043478261
82490,156.0,98.70967741935485,50.39102564102564
27451,5.0,80.0,44.2
19638,174.0,100.0,60.172413793103445
44233,56.0,98.1818181818182,45.17857142857143
82392,229.0,100.0,59.53711790393013
29968,28.0,100.0,59.57142857142857
125533,12.0,75.0,37.75
64499,22.0,90.9090909090909,49.68181818181818
16699,139.0,100.0,54.58273381294964
91319,43.0,100.0,53.23255813953488
86513,28.0,100.0,45.21428571428572
72815,33.0,100.0,59.87878787878788
8761,81.0,100.0,55.407407407407405
12881,20.0,90.0,40.0
19739,31.0,61.29032258064516,27.774193548387096
10389,88.0,97.72727272727272,53.59090909090909
86832,107.0,98.13084112149532,53.55140186915888
23642,139.0,99.28057553956836,53.43884892086331
23644,103.0,95.14563106796116,48.42718446601942
44499,77.0,100.0,56.72727272727273
80423,44.0,97.67441860465117,49.2093023255814
6303,15.0,100.0,64.73333333333333
2928,250.0,99.6,56.568
68512,86.0,100.0,60.05813953488372
44038,168.0,100.0,56.517857142857146
3690,184.0,100.0,59.29891304347826
92706,26.0,96.15384615384616,55.88461538461539
92779,89.0,96.62921348314607,50.842696629213485
72255,49.0,97.87234042553192,48.91836734693877
72279,37.0,75.0,38.83783783783784
267600,11.0,81.81818181818183,40.45454545454545
48680,69.0,98.55072463768116,51.60869565217392
32089,82.0,96.34146341463416,50.0609756097561
60126,27.0,19.230769230769237,20.0
124192,233.0,100.0,56.957081545064376
11295,6.0,33.33333333333333,22.33333333333333
107530,19.0,94.73684210526316,45.526315789473685
11093,9.0,100.0,59.22222222222222
90414,117.0,100.0,63.60344827586207
14339,143.0,100.0,60.97902097902098
14369,188.0,97.32620320855617,55.29255319148936
81234,18.0,100.0,52.333333333333336
128606,47.0,80.85106382978722,42.297872340425535
79044,77.0,100.0,54.94805194805195
85351,23.0,95.65217391304348,52.17391304347826
8247,58.0,98.27586206896552,55.53448275862069
48339,15.0,100.0,55.333333333333336
29320,202.0,99.5049504950495,58.84577114427861
34359,80.0,100.0,59.8
18160,50.0,100.0,57.26
59910,75.0,100.0,62.6
59963,28.0,100.0,46.10714285714285
64830,112.0,98.21428571428572,54.17857142857143
59912,46.0,100.0,58.80434782608695
6692,29.0,96.55172413793105,43.82758620689656
20087,198.0,100.0,67.25252525252525
20872,85.0,98.82352941176472,55.6
20852,65.0,100.0,60.6
80067,47.0,97.87234042553192,48.5
6593,44.0,90.69767441860463,48.86046511627907
21317,76.0,96.05263157894736,48.32
132462,10.0,100.0,57.2
266980,11.0,100.0,62.36363636363637
9686,198.0,100.0,68.41919191919192
4648,114.0,97.36842105263158,56.09649122807018
4434,24.0,100.0,51.29166666666666
59647,20.0,100.0,52.8
125515,50.0,98.0,57.24
104319,21.0,100.0,47.333333333333336
21210,85.0,96.47058823529412,51.25
24047,163.0,99.38650306748468,59.22699386503067
81711,183.0,100.0,70.54098360655738
108754,161.0,100.0,57.98125
105235,19.0,100.0,52.578947368421055
130967,26.0,100.0,68.26923076923077
133512,48.0,100.0,62.520833333333336
196256,28.0,100.0,68.0
7709,92.0,100.0,62.35869565217392
20020,93.0,94.6236559139785,50.096774193548384
7710,12.0,91.66666666666666,54.25
8286,214.0,100.0,70.24299065420561
81721,17.0,100.0,56.70588235294117
20413,218.0,100.0,69.4862385321101
4881,109.0,100.0,61.88073394495413
25877,127.0,100.0,58.52755905511811
131637,7.0,100.0,53.71428571428572
133770,36.0,100.0,58.77777777777778
133501,85.0,98.82352941176472,60.15294117647059
133509,98.0,100.0,62.71428571428572
29919,58.0,100.0,58.189655172413794
25882,23.0,91.30434782608695,49.91304347826087
4435,182.0,100.0,60.5
79902,71.0,100.0,63.51428571428571
80061,57.0,98.24561403508773,61.05357142857143
70863,64.0,100.0,66.890625
75595,47.0,100.0,57.93617021276596
4927,169.0,100.0,61.30769230769231
20433,164.0,100.0,66.2439024390244
7711,169.0,100.0,55.78313253012048
27081,260.0,100.0,68.78846153846153
4735,249.0,100.0,77.97570850202429
19385,30.0,100.0,56.8
58279,22.0,100.0,48.63636363636363
84658,121.0,100.0,61.24793388429752
64262,31.0,100.0,54.54838709677419
7713,195.0,100.0,71.0974358974359
80098,36.0,94.44444444444444,52.22222222222222
19684,121.0,100.0,57.83471074380165
20145,61.0,98.36065573770492,62.18032786885246
25885,36.0,86.11111111111111,45.94444444444444
25507,40.0,92.5,50.575
107376,64.0,100.0,59.015625
91302,68.0,100.0,62.10294117647059
129344,30.0,100.0,60.833333333333336
125126,25.0,100.0,66.6
133078,53.0,100.0,64.88679245283019
133499,121.0,99.17355371900828,56.12396694214876
133500,147.0,100.0,59.21768707482993
133502,119.0,99.15966386554622,61.271186440677965
64266,5.0,60.0,43.0
19367,100.0,100.0,59.79
4236,169.0,100.0,66.45562130177515
19619,59.0,89.83050847457628,46.898305084745765
19384,128.0,100.0,56.63779527559055
68023,21.0,71.42857142857143,39.5
24472,47.0,97.82608695652172,52.4468085106383
20939,222.0,100.0,61.84234234234234
48102,71.0,100.0,58.7887323943662
55479,60.0,95.0,44.03333333333333
14831,85.0,100.0,63.71764705882353
49957,20.0,100.0,52.2
18168,29.0,96.55172413793105,51.44827586206897
15241,74.0,100.0,55.18918918918919
114733,20.0,90.0,44.35
18406,59.0,100.0,47.52542372881356
21560,29.0,100.0,51.75862068965517
75315,16.0,100.0,56.8125
18206,134.0,100.0,62.65909090909091
43738,19.0,94.73684210526316,42.31578947368421
24462,222.0,100.0,64.02702702702703
272222,22.0,95.45454545454544,49.04545454545455
15373,90.0,100.0,61.23333333333333
21678,90.0,100.0,60.766666666666666
48117,14.0,92.85714285714286,50.5
26629,25.0,100.0,55.52
18829,257.0,100.0,62.55118110236221
24803,201.0,100.0,63.517412935323385
29444,173.0,99.42196531791907,58.358381502890175
40812,48.0,97.87234042553192,44.66666666666666
26624,82.0,100.0,61.54878048780488
18364,98.0,97.91666666666666,47.35714285714285
64873,47.0,100.0,66.68085106382979
125064,101.0,100.0,65.25742574257426
21867,30.0,100.0,60.7
38843,141.0,98.57142857142858,52.57446808510638
133951,74.0,94.5945945945946,43.48648648648648
10772,194.0,100.0,61.324742268041234
10740,165.0,99.3939393939394,59.26060606060606
10741,40.0,97.5,51.725
21132,17.0,88.23529411764706,37.8235294117647
79277,47.0,100.0,55.42553191489362
22141,97.0,100.0,64.0
127576,9.0,44.44444444444444,27.55555555555556
22287,85.0,98.82352941176472,58.79761904761905
268800,49.0,97.95918367346938,53.645833333333336
21652,139.0,100.0,65.53956834532374
21832,185.0,98.3783783783784,58.524324324324326
30229,125.0,100.0,64.01612903225806
40744,39.0,100.0,65.02564102564102
40948,56.0,100.0,56.910714285714285
49823,152.0,100.0,62.98026315789474
38678,68.0,100.0,56.25
38606,67.0,100.0,52.97014925373134
38630,18.0,94.44444444444444,45.27777777777778
38656,30.0,100.0,52.23333333333333
14040,95.0,100.0,61.95744680851064
14038,191.0,100.0,68.27225130890052
14039,242.0,100.0,68.26970954356847
17964,10.0,100.0,52.9
14041,96.0,98.94736842105264,54.71875
30342,23.0,100.0,48.21739130434783
7158,31.0,96.7741935483871,52.2258064516129
16976,102.0,100.0,60.24509803921568
16979,150.0,100.0,65.59333333333333
16980,128.0,100.0,69.2755905511811
118799,125.0,100.0,65.872
16978,11.0,81.81818181818183,41.45454545454545
133917,90.0,92.13483146067416,48.15555555555556
88906,28.0,96.42857142857144,48.75
68224,92.0,100.0,56.29347826086956
68853,13.0,100.0,39.76923076923077
68438,18.0,88.88888888888889,40.27777777777778
3594,173.0,100.0,56.20809248554913
267783,20.0,90.0,40.3
34403,119.0,99.15966386554622,51.71428571428572
72737,6.0,66.66666666666666,37.5
10783,54.0,100.0,59.81481481481482
10690,44.0,100.0,50.34090909090909
32016,142.0,100.0,63.92253521126761
87536,26.0,84.61538461538461,36.88461538461539
80766,50.0,100.0,59.22
35109,175.0,99.42857142857144,61.95402298850575
87396,6.0,100.0,44.333333333333336
49010,38.0,86.48648648648648,47.26315789473684
114082,74.0,100.0,58.054054054054056
49959,41.0,100.0,57.707317073170735
42107,148.0,100.0,67.77702702702703
6885,162.0,100.0,57.71604938271605
6880,131.0,100.0,62.25954198473283
7845,96.0,100.0,55.71875
19421,17.0,100.0,49.588235294117645
268602,20.0,100.0,47.15
15838,207.0,99.51690821256038,61.46376811594203
18069,35.0,97.14285714285714,49.885714285714286
18065,127.0,100.0,67.48031496062993
18233,30.0,100.0,61.66666666666666
18070,38.0,100.0,49.97368421052632
264190,11.0,100.0,56.09090909090909
265145,23.0,100.0,61.91304347826087
28625,160.0,100.0,58.13207547169812
22917,97.0,98.96907216494846,55.0
64661,38.0,100.0,55.89473684210526
133267,7.0,57.14285714285714,26.285714285714285
270693,6.0,66.66666666666666,33.5
81410,82.0,93.90243902439023,47.47560975609756
131080,15.0,60.0,28.6
16431,96.0,100.0,65.91666666666667
7252,188.0,100.0,69.77659574468085
34712,13.0,100.0,57.84615384615385
56325,119.0,100.0,61.64705882352941
47237,189.0,100.0,66.46560846560847
130217,14.0,100.0,53.57142857142857
56148,82.0,100.0,56.84146341463415
103644,12.0,100.0,65.83333333333333
85169,98.0,97.9381443298969,52.755102040816325
64905,19.0,78.94736842105263,40.36842105263158
21068,21.0,100.0,50.19047619047619
57605,50.0,98.0,58.02
113716,67.0,100.0,66.17910447761194
72956,44.0,97.72727272727272,54.40909090909091
69871,257.0,99.22178988326849,58.484375
262978,35.0,100.0,55.48571428571429
88993,17.0,100.0,70.6470588235294
70663,131.0,99.23664122137404,64.81679389312977
19372,127.0,100.0,64.91338582677166
20387,138.0,98.55072463768116,56.789855072463766
20130,22.0,68.18181818181817,34.59090909090909
74054,14.0,92.85714285714286,54.285714285714285
61491,182.0,99.45054945054946,61.85714285714285
62067,199.0,100.0,66.38190954773869
86577,56.0,100.0,54.285714285714285
84535,17.0,100.0,52.76470588235294
79827,18.0,88.88888888888889,40.77777777777778
72029,84.0,100.0,56.40476190476191
61510,9.0,100.0,54.66666666666666
27714,111.0,100.0,62.7027027027027
29081,12.0,100.0,52.583333333333336
68388,32.0,100.0,58.84375
129072,14.0,83.33333333333334,37.07142857142857
6490,199.0,100.0,60.39698492462311
10492,28.0,92.5925925925926,46.85714285714285
15946,15.0,46.15384615384615,30.133333333333333
124237,14.0,84.61538461538461,35.357142857142854
103665,12.0,100.0,63.41666666666666
9429,65.0,100.0,57.87692307692308
6491,194.0,100.0,66.5618556701031
6627,25.0,100.0,66.0
130752,11.0,81.81818181818183,32.81818181818182
16801,13.0,84.61538461538461,35.61538461538461
14618,112.0,96.42857142857144,50.35714285714285
10092,22.0,100.0,44.54545454545455
34249,118.0,100.0,59.36440677966102
57665,15.0,86.66666666666667,46.2
38462,144.0,100.0,57.04861111111112
107377,19.0,100.0,54.26315789473684
109583,55.0,100.0,66.25454545454545
9097,75.0,97.2972972972973,52.333333333333336
31821,39.0,100.0,63.48717948717949
114068,13.0,100.0,64.53846153846153
35175,14.0,100.0,59.57142857142857
12515,45.0,93.33333333333331,48.95555555555556
14520,66.0,95.45454545454544,55.96969696969697
4861,254.0,99.60629921259844,68.94094488188976
9283,200.0,100.0,69.42
19941,88.0,100.0,57.30681818181818
16275,200.0,100.0,68.02
18119,31.0,96.7741935483871,48.64516129032258
85360,153.0,100.0,60.22875816993464
16276,283.0,100.0,56.47163120567376
24360,16.0,100.0,49.1875
111953,13.0,100.0,63.38461538461539
24373,30.0,63.33333333333333,31.8
83136,29.0,100.0,49.10344827586207
86518,54.0,100.0,63.0925925925926
22872,265.0,100.0,53.943396226415096
119731,24.0,100.0,70.54166666666667
113962,14.0,100.0,60.285714285714285
12144,20.0,80.0,47.5
263524,151.0,100.0,70.06622516556291
266615,27.0,100.0,64.55555555555556
272096,35.0,97.14285714285714,53.48571428571429
49381,151.0,100.0,57.52317880794702
49379,161.0,100.0,62.90062111801242
87060,19.0,100.0,56.10526315789474
86976,85.0,98.82352941176472,62.22352941176471
41921,192.0,100.0,57.364583333333336
21360,198.0,99.4949494949495,61.86363636363637
20595,10.0,100.0,56.5
35211,107.0,100.0,71.61682242990655
78066,53.0,100.0,66.79245283018868
3477,11.0,100.0,68.72727272727273
120542,19.0,89.47368421052632,44.78947368421053
24680,22.0,95.45454545454544,53.40909090909091
17932,225.0,99.55555555555556,61.18222222222222
78076,65.0,98.46153846153848,55.292307692307695
78069,31.0,100.0,61.03225806451613
20732,16.0,56.25,31.375
11692,14.0,100.0,61.21428571428572
110170,17.0,100.0,59.23529411764706
58415,114.0,100.0,54.77192982456141
18713,87.0,100.0,57.367816091954026
48792,51.0,96.07843137254902,54.549019607843135
64567,14.0,71.42857142857143,36.21428571428572
5366,248.0,100.0,63.70967741935484
128837,58.0,100.0,64.08620689655173
11720,163.0,99.38650306748468,56.34355828220859
11980,224.0,100.0,61.14732142857143
11761,209.0,99.52153110047848,60.02392344497608
11972,162.0,100.0,57.66666666666666
13376,148.0,100.0,64.05405405405405
12988,217.0,100.0,57.15277777777778
110460,9.0,100.0,44.66666666666666
13287,176.0,100.0,69.39772727272727
11780,150.0,99.32885906040268,54.72
12098,109.0,100.0,52.19266055045872
12091,72.0,98.61111111111111,48.86111111111112
71604,35.0,67.64705882352942,30.82857142857143
6747,135.0,96.29629629629628,52.49629629629629
70905,32.0,80.64516129032258,42.3125
93015,9.0,100.0,64.77777777777777
110132,21.0,90.47619047619048,46.19047619047619
89454,32.0,100.0,66.59375
70385,43.0,100.0,59.58139534883721
114173,33.0,100.0,61.121212121212125
130477,21.0,95.23809523809524,44.61904761904762
264091,28.0,92.85714285714286,54.07142857142857
272058,8.0,87.5,66.5
274956,50.0,72.0,38.08
2938,93.0,100.0,53.31182795698925
13653,52.0,100.0,54.57692307692308
7424,21.0,100.0,53.42857142857143
80684,82.0,100.0,63.47560975609756
90065,14.0,85.71428571428571,38.285714285714285
90104,77.0,100.0,56.61038961038961
43956,62.0,98.38709677419357,64.2741935483871
22796,182.0,100.0,66.5934065934066
13986,126.0,100.0,62.53174603174603
13987,118.0,99.15254237288136,55.65254237288136
22807,31.0,100.0,53.87096774193548
22803,24.0,95.83333333333334,54.083333333333336
21324,33.0,96.7741935483871,54.60606060606061
14659,41.0,100.0,62.829268292682926
111781,22.0,72.72727272727273,43.04545454545455
104339,51.0,98.0392156862745,52.490196078431374
13779,20.0,100.0,68.55
59022,38.0,92.10526315789474,46.31578947368421
131353,51.0,98.0,55.13725490196079
82828,60.0,98.33333333333331,56.75
20281,52.0,88.46153846153845,43.76923076923077
18640,70.0,88.57142857142857,47.12857142857143
21072,15.0,93.33333333333331,42.46666666666667
12364,68.0,100.0,64.75
69961,151.0,100.0,61.59602649006622
29272,128.0,100.0,61.5546875
87161,30.0,96.66666666666669,52.2
38850,44.0,90.9090909090909,45.40909090909091
66711,77.0,93.5064935064935,43.44155844155844
66704,91.0,98.9010989010989,56.10989010989011
64009,98.0,98.9795918367347,55.98979591836735
72535,27.0,81.48148148148148,34.48148148148148
48354,68.0,98.50746268656717,60.338235294117645
58785,68.0,94.11764705882352,49.02941176470589
58604,28.0,100.0,57.07142857142857
104406,36.0,100.0,54.19444444444444
5580,43.0,100.0,56.46511627906977
31415,35.0,85.71428571428571,42.48571428571429
57615,79.0,100.0,56.43037974683544
15986,45.0,97.77777777777776,54.68888888888889
29992,31.0,100.0,60.58064516129032
58105,21.0,95.23809523809524,52.85714285714285
34415,146.0,100.0,60.02054794520548
47740,190.0,100.0,65.26315789473684
9771,96.0,100.0,57.770833333333336
10004,55.0,94.54545454545456,41.18181818181818
130863,14.0,100.0,46.35714285714285
92124,8.0,100.0,55.875
104461,21.0,95.23809523809524,57.61904761904762
18511,55.0,98.1818181818182,51.127272727272725
18524,19.0,89.47368421052632,41.10526315789474
35291,134.0,100.0,60.9179104477612
124701,170.0,99.41176470588236,58.77647058823529
44191,25.0,92.0,47.64
72606,24.0,95.83333333333334,51.125
127784,65.0,84.61538461538461,38.215384615384615
263188,26.0,76.0,37.34615384615385
20226,116.0,100.0,61.0948275862069
20228,47.0,97.87234042553192,46.8936170212766
44092,23.0,86.95652173913044,35.30434782608695
55686,5.0,100.0,41.6
27991,62.0,100.0,55.483870967741936
69508,188.0,100.0,62.462765957446805
69483,65.0,100.0,61.36923076923077
264056,19.0,100.0,65.0
54288,122.0,100.0,63.94262295081968
54290,28.0,100.0,54.892857142857146
31500,16.0,100.0,57.875
128098,17.0,100.0,45.05882352941177
13078,61.0,100.0,67.75409836065573
264972,20.0,95.0,55.1
8954,21.0,100.0,61.04761904761905
66444,8.0,100.0,62.125
65268,84.0,100.0,58.535714285714285
122359,105.0,99.04761904761904,57.48076923076923
122350,20.0,95.0,55.8
114522,13.0,84.61538461538461,50.53846153846154
10291,103.0,99.02912621359224,59.38834951456311
5629,74.0,97.2972972972973,57.18918918918919
7796,5.0,100.0,51.8
13654,90.0,100.0,64.3
85719,200.0,100.0,60.965
13671,112.0,100.0,57.5625
75450,144.0,100.0,63.60416666666666
82667,196.0,99.48979591836736,63.545918367346935
89666,76.0,98.68421052631578,59.28947368421053
85724,10.0,90.0,46.3
81137,61.0,93.44262295081968,47.73770491803279
83515,55.0,100.0,55.98181818181818
115217,58.0,91.2280701754386,43.08620689655172
4759,93.0,100.0,63.956989247311824
71872,204.0,99.01960784313728,54.24509803921568
115242,65.0,98.46153846153848,52.38461538461539
127839,11.0,100.0,48.18181818181818
75347,31.0,96.7741935483871,48.25806451612903
72471,13.0,100.0,54.46153846153846
25957,21.0,95.23809523809524,44.90476190476191
27808,18.0,100.0,56.388888888888886
82603,50.0,98.0,55.62
73949,18.0,100.0,54.388888888888886
128910,16.0,100.0,54.8125
130923,44.0,100.0,65.75
14476,103.0,100.0,64.5631067961165
82605,25.0,96.0,50.083333333333336
86237,22.0,81.81818181818183,44.90909090909091
105059,59.0,100.0,51.898305084745765
105062,82.0,98.78048780487804,52.23170731707317
52408,22.0,100.0,47.0
127022,12.0,83.33333333333334,37.0
112272,102.0,100.0,56.38235294117647
115449,26.0,92.0,45.30769230769231
115434,32.0,100.0,53.8125
44511,80.0,97.5,53.6
44361,28.0,96.42857142857144,50.21428571428572
31059,110.0,100.0,52.10909090909091
46585,90.0,94.44444444444444,56.05555555555556
27568,136.0,100.0,57.81617647058823
55840,52.0,100.0,59.44230769230769
17153,39.0,100.0,62.43589743589744
25067,16.0,100.0,59.375
53948,17.0,100.0,51.588235294117645
30124,26.0,96.15384615384616,53.57692307692308
64320,20.0,63.1578947368421,37.05
3025,13.0,100.0,55.53846153846154
44069,74.0,100.0,57.9054054054054
31030,16.0,93.33333333333331,47.5625
19425,79.0,100.0,60.43037974683544
19391,122.0,100.0,63.34426229508197
132829,13.0,100.0,66.46153846153847
83807,21.0,85.71428571428571,48.23809523809524
7276,84.0,98.8095238095238,56.86904761904762
65136,52.0,94.23076923076924,56.57692307692308
21224,34.0,97.05882352941175,42.02941176470589
53745,32.0,100.0,66.96875
34978,42.0,100.0,49.42857142857143
25573,88.0,100.0,59.76136363636363
42131,57.0,98.24561403508773,54.8421052631579
26826,95.0,97.89473684210527,63.10526315789474
30998,67.0,100.0,68.55223880597015
263472,78.0,98.71794871794872,55.08974358974359
34977,74.0,100.0,59.33783783783784
19190,8.0,50.0,27.625
35207,23.0,100.0,47.47826086956522
91403,75.0,87.67123287671232,43.53424657534247
91403,12.0,83.33333333333334,38.083333333333336
75604,6.0,100.0,52.5
25439,80.0,100.0,50.8875
22525,98.0,100.0,60.67346938775511
25446,109.0,98.1651376146789,52.88990825688074
25291,91.0,100.0,61.747252747252745
39055,50.0,98.0,59.04
25290,91.0,100.0,68.73626373626374
27325,63.0,80.95238095238095,41.07936507936508
275495,70.0,98.57142857142858,57.11594202898551
25441,127.0,100.0,65.33858267716535
25445,100.0,100.0,54.31
22522,86.0,100.0,55.86046511627907
25360,125.0,100.0,58.504
22524,132.0,100.0,53.65909090909091
25629,64.0,85.71428571428571,43.77777777777778
29723,70.0,92.85714285714286,49.24285714285714
39067,16.0,100.0,51.875
34914,66.0,89.39393939393939,45.03030303030303
114222,32.0,100.0,57.46875
264015,27.0,96.29629629629628,53.92592592592592
30813,17.0,100.0,56.05882352941177
126304,98.0,79.38144329896907,38.18556701030928
27378,54.0,90.74074074074076,53.74074074074074
31470,77.0,82.89473684210526,42.79220779220779
82653,11.0,100.0,49.63636363636363
25443,128.0,100.0,65.6953125
25627,41.0,95.1219512195122,52.525
25292,60.0,98.33333333333331,60.86666666666667
25385,164.0,100.0,64.76829268292683
31606,110.0,100.0,72.19090909090909
128590,27.0,92.5925925925926,44.18518518518518
275741,18.0,94.44444444444444,53.77777777777778
22521,98.0,100.0,50.69387755102041
34911,5.0,60.0,28.2
83530,89.0,100.0,59.07865168539326
22517,88.0,100.0,63.46590909090909
25438,116.0,100.0,58.68103448275862
22523,127.0,100.0,64.84126984126983
25350,96.0,100.0,63.864583333333336
22519,125.0,100.0,65.104
22518,112.0,100.0,64.04464285714286
43740,63.0,100.0,50.888888888888886
17801,16.0,68.75,38.75
31605,114.0,100.0,68.04385964912281
263196,44.0,87.8048780487805,42.72727272727273
273597,46.0,71.73913043478261,33.19565217391305
25401,88.0,96.5909090909091,48.28409090909091
27323,138.0,100.0,59.09489051094891
27598,82.0,100.0,54.81707317073171
30749,20.0,55.00000000000001,32.45
267033,133.0,99.24812030075188,62.67669172932331
86542,146.0,100.0,59.45205479452055
8251,25.0,84.0,42.16
9320,138.0,99.27536231884058,53.97826086956522
90106,14.0,100.0,47.42857142857143
106180,5.0,100.0,49.6
11218,130.0,98.46153846153848,52.69230769230769
11184,84.0,100.0,58.22619047619048
17313,19.0,89.47368421052632,44.63157894736842
14796,15.0,100.0,57.2
15000,87.0,100.0,54.22988505747127
90442,20.0,75.0,39.65
75273,115.0,98.2608695652174,50.56521739130435
71046,125.0,100.0,57.864
70998,137.0,100.0,65.43065693430657
71070,131.0,100.0,65.72519083969466
71111,75.0,100.0,60.70666666666666
75279,60.0,93.33333333333331,51.3
105601,89.0,100.0,58.47191011235955
70595,17.0,94.11764705882352,45.76470588235294
6467,41.0,97.5,49.170731707317074
12668,46.0,100.0,47.630434782608695
7912,125.0,100.0,63.072
7929,150.0,99.33333333333331,59.00666666666667
79834,110.0,100.0,60.44545454545455
85502,103.0,100.0,59.11650485436893
89006,19.0,100.0,53.526315789473685
40627,173.0,99.42196531791907,55.65895953757225
92713,39.0,97.43589743589745,46.43589743589744
91800,18.0,100.0,60.44444444444444
40698,141.0,100.0,59.645390070921984
89034,16.0,62.5,36.9375
89051,17.0,100.0,50.0
81544,122.0,100.0,56.52459016393443
85917,47.0,100.0,65.06382978723404
81547,39.0,100.0,47.07692307692308
70250,150.0,100.0,57.25333333333333
89082,7.0,85.71428571428571,47.285714285714285
120823,32.0,93.75,44.90625
55808,15.0,100.0,46.13333333333333
25382,114.0,100.0,67.10526315789474
25384,63.0,98.4126984126984,48.698412698412696
29713,166.0,100.0,60.13855421686747
132591,24.0,100.0,51.91666666666666
14082,186.0,100.0,56.70967741935484
10213,207.0,99.51690821256038,58.65700483091788
59688,15.0,93.33333333333331,52.13333333333333
8595,12.0,91.66666666666666,45.41666666666666
110538,33.0,100.0,67.0909090909091
31341,28.0,85.71428571428571,45.46428571428572
24813,177.0,100.0,52.97175141242938
24381,102.0,98.0392156862745,59.31372549019608
38734,18.0,100.0,47.05555555555556
109904,19.0,73.68421052631578,37.0
6964,46.0,100.0,58.52173913043478
8027,65.0,86.15384615384616,44.323076923076925
8230,92.0,100.0,64.30434782608695
9901,6.0,100.0,50.333333333333336
8264,52.0,98.07692307692308,58.23076923076923
24268,7.0,85.71428571428571,59.71428571428572
14410,130.0,99.23076923076924,56.07692307692308
13543,26.0,100.0,53.57692307692308
2883,171.0,100.0,55.719298245614034
34777,128.0,97.65625,53.4140625
54394,31.0,100.0,54.774193548387096
90818,21.0,95.23809523809524,50.71428571428572
38711,21.0,95.23809523809524,46.80952380952381
69499,17.0,82.35294117647058,38.76470588235294
46603,58.0,100.0,66.82758620689656
7863,106.0,88.67924528301887,45.075471698113205
71233,18.0,72.22222222222221,36.16666666666666
5448,241.0,100.0,63.27385892116183
10255,195.0,100.0,58.08762886597938
4748,229.0,99.56331877729258,54.8646288209607
5756,200.0,100.0,65.365
4043,172.0,98.83720930232558,57.627906976744185
4577,228.0,100.0,62.46052631578947
7263,197.0,98.98477157360406,45.38071065989848
55725,14.0,92.85714285714286,38.642857142857146
89596,96.0,100.0,65.20833333333333
119284,10.0,100.0,57.8
2982,80.0,100.0,62.4375
57844,16.0,66.66666666666666,30.8125
128429,7.0,100.0,60.42857142857143
83427,6.0,100.0,67.0
131270,16.0,100.0,54.625
262735,19.0,100.0,41.26315789473684
271586,9.0,100.0,57.44444444444444
7646,16.0,100.0,48.9375
8038,33.0,69.6969696969697,36.30303030303031
19876,36.0,91.66666666666666,48.0
8190,34.0,97.05882352941175,57.5
42119,30.0,100.0,45.73333333333333
5163,135.0,99.25925925925924,62.44444444444444
5162,114.0,100.0,56.25438596491228
35112,16.0,93.75,56.9375
53296,30.0,83.33333333333334,29.83333333333333
53411,104.0,99.03846153846156,52.07692307692308
22669,23.0,100.0,45.0
89761,17.0,94.11764705882352,47.76470588235294
11064,47.0,93.61702127659576,45.191489361702125
19737,156.0,99.35897435897436,64.92903225806451
11427,102.0,99.01960784313728,53.25490196078432
3521,103.0,100.0,56.56310679611651
27208,44.0,95.45454545454544,50.5
131087,8.0,100.0,55.0
3782,69.0,98.55072463768116,51.16176470588236
107587,14.0,100.0,66.07142857142857
42127,14.0,92.85714285714286,40.785714285714285
109858,16.0,81.25,35.625
75954,102.0,100.0,57.50980392156863
75956,103.0,100.0,52.320388349514566
86495,15.0,100.0,51.46666666666667
6586,137.0,100.0,60.91240875912409
5961,101.0,100.0,59.21782178217822
130979,9.0,100.0,66.0
44673,122.0,98.36065573770492,56.131147540983605
44542,23.0,95.65217391304348,52.69565217391305
27569,127.0,99.21259842519686,61.44881889763779
267265,18.0,100.0,60.66666666666666
17397,28.0,100.0,50.535714285714285
64747,24.0,100.0,61.083333333333336
64743,16.0,100.0,59.0625
40153,102.0,99.01960784313728,58.35294117647059
83765,30.0,90.0,41.36666666666667
38936,148.0,100.0,60.44594594594594
71957,81.0,98.76543209876544,59.30864197530864
54425,42.0,100.0,57.26190476190476
44709,14.0,100.0,58.92857142857143
83227,39.0,94.87179487179486,43.69230769230769
114107,40.0,95.0,49.275
80875,14.0,85.71428571428571,50.5
49087,164.0,100.0,64.15853658536585
83255,190.0,100.0,68.26842105263158
83251,189.0,100.0,64.34391534391534
80878,52.0,100.0,53.38461538461539
83223,10.0,100.0,51.6
133300,27.0,100.0,50.77777777777778
279150,62.0,98.36065573770492,43.274193548387096
87862,46.0,100.0,50.32608695652174
74164,56.0,92.85714285714286,52.267857142857146
58793,56.0,100.0,61.21428571428572
11146,131.0,100.0,62.31297709923664
10176,22.0,95.45454545454544,41.45454545454545
119403,18.0,88.23529411764706,40.61111111111112
86672,75.0,100.0,55.333333333333336
84826,60.0,98.33333333333331,56.53333333333333
264525,25.0,100.0,67.125
80263,52.0,100.0,59.30769230769231
80287,26.0,100.0,44.38461538461539
58198,13.0,100.0,55.15384615384615
20229,38.0,100.0,60.71052631578947
34943,66.0,100.0,57.42424242424242
86746,27.0,96.29629629629628,48.629629629629626
20456,21.0,100.0,41.80952380952381
6806,75.0,100.0,57.66666666666666
17830,167.0,100.0,68.37724550898204
17878,121.0,100.0,57.7603305785124
17873,130.0,100.0,62.40769230769231
62068,15.0,100.0,55.6
17874,127.0,100.0,67.28346456692914
17843,86.0,96.51162790697676,46.895348837209305
74141,15.0,93.33333333333331,61.6
42285,15.0,93.33333333333331,50.73333333333333
271998,172.0,100.0,60.26162790697674
17068,19.0,94.44444444444444,42.26315789473684
16192,83.0,100.0,53.19277108433735
92805,53.0,98.1132075471698,50.22641509433962
47203,28.0,96.42857142857144,48.92857142857143
39160,88.0,100.0,55.25
38603,51.0,100.0,52.21568627450981
29637,83.0,100.0,62.68674698795181
26233,68.0,100.0,62.10294117647059
25808,36.0,100.0,69.72222222222223
56967,18.0,100.0,50.5
60207,5.0,80.0,29.8
31481,86.0,100.0,63.627906976744185
68114,29.0,96.42857142857144,54.72413793103448
57389,8.0,100.0,51.625
14088,75.0,100.0,61.18918918918919
123932,19.0,100.0,53.21052631578947
80483,59.0,94.91525423728814,43.42372881355932
40119,76.0,100.0,51.43421052631579
15784,16.0,93.75,44.6875
17005,132.0,100.0,63.696969696969695
17028,114.0,100.0,58.63157894736842
42809,112.0,99.10714285714286,53.473214285714285
130843,28.0,100.0,63.642857142857146
29680,22.0,95.45454545454544,59.77272727272727
55650,77.0,98.7012987012987,63.36363636363637
55592,53.0,100.0,63.698113207547166
56719,11.0,81.81818181818183,50.18181818181818
11483,81.0,100.0,58.34567901234568
46848,56.0,100.0,59.267857142857146
50340,74.0,98.63013698630137,52.32432432432432
91964,8.0,100.0,69.375
111037,159.0,100.0,61.61635220125786
268494,8.0,100.0,55.625
12540,129.0,100.0,61.47286821705426
18551,192.0,100.0,64.046875
12596,92.0,90.0,47.58695652173913
12556,193.0,100.0,61.10362694300518
12587,167.0,99.4011976047904,54.75449101796407
119233,53.0,88.67924528301887,43.81132075471698
21602,53.0,100.0,61.471698113207545
13599,95.0,100.0,67.29473684210527
87311,23.0,100.0,49.47826086956522
72461,33.0,93.93939393939394,43.125
55334,179.0,99.4413407821229,61.39664804469274
83388,31.0,100.0,52.74193548387097
25787,38.0,97.36842105263158,49.97368421052632
52489,49.0,93.87755102040816,47.93877551020408
12027,232.0,100.0,67.62068965517241
22715,49.0,100.0,57.02040816326531
12018,152.0,99.3421052631579,58.30921052631579
12046,189.0,100.0,65.71957671957672
27513,16.0,62.5,39.625
132035,11.0,100.0,50.54545454545455
79396,39.0,100.0,55.282051282051285
60799,41.0,92.6829268292683,46.4390243902439
70834,25.0,100.0,51.44
50276,31.0,96.7741935483871,49.67741935483871
25126,141.0,100.0,64.66666666666667
49265,40.0,92.5,46.65
130515,19.0,94.73684210526316,50.44444444444444
40056,132.0,99.24242424242424,61.31297709923664
43661,21.0,100.0,57.76190476190476
43654,184.0,100.0,59.81521739130435
6936,161.0,100.0,63.40372670807454
64850,11.0,90.9090909090909,37.0
43651,178.0,100.0,66.76404494382022
61490,7.0,71.42857142857143,35.142857142857146
9151,45.0,100.0,65.35555555555555
13000,23.0,91.30434782608695,43.17391304347826
30207,90.0,100.0,56.333333333333336
31153,57.0,100.0,50.30909090909091
26386,55.0,100.0,53.27272727272727
38842,114.0,100.0,61.29824561403509
43642,59.0,100.0,64.71186440677967
16235,12.0,100.0,47.91666666666666
50562,21.0,100.0,65.33333333333333
24283,181.0,100.0,61.92817679558011
24260,154.0,99.35064935064936,57.97402597402598
18610,150.0,99.33333333333331,62.39333333333333
24259,110.0,97.27272727272728,59.8
47534,58.0,87.93103448275862,51.77586206896552
14933,89.0,100.0,56.764044943820224
105259,47.0,89.13043478260869,43.723404255319146
56020,164.0,100.0,62.7239263803681
11939,24.0,100.0,64.08333333333333
14597,66.0,100.0,65.57575757575758
18706,236.0,99.57627118644068,57.208510638297874
78961,23.0,71.42857142857143,35.04347826086956
12162,59.0,94.91525423728814,49.98275862068966
62131,13.0,100.0,54.0
9327,115.0,100.0,62.0
129409,22.0,100.0,57.95454545454545
88677,49.0,97.95918367346938,49.0
90577,19.0,94.73684210526316,48.833333333333336
90185,210.0,100.0,60.161904761904765
29142,146.0,100.0,57.7945205479452
121357,137.0,100.0,59.02189781021898
79391,170.0,99.41176470588236,59.01764705882353
88359,160.0,100.0,61.75
79204,223.0,100.0,70.7847533632287
126415,144.0,97.91666666666666,47.35416666666666
92247,77.0,100.0,60.85714285714285
43580,119.0,100.0,71.57142857142857
31869,104.0,99.03846153846156,62.91346153846154
31263,33.0,100.0,57.15151515151515
104280,13.0,100.0,65.46153846153847
34199,185.0,100.0,66.97297297297297
86171,212.0,100.0,64.05188679245283
86095,57.0,100.0,57.45614035087719
79937,112.0,100.0,66.27678571428571
29427,62.0,100.0,65.61290322580645
31832,112.0,100.0,67.40178571428571
31841,114.0,100.0,62.46491228070175
91173,18.0,100.0,56.44444444444444
43558,107.0,100.0,63.8411214953271
86679,83.0,98.79518072289156,49.95121951219512
121386,132.0,100.0,67.65151515151516
29670,141.0,100.0,62.52482269503546
29625,104.0,100.0,61.125
29624,188.0,100.0,62.8936170212766
86172,145.0,100.0,65.4
91128,50.0,98.0,50.32
49377,41.0,84.21052631578947,39.85365853658536
83953,87.0,100.0,61.18390804597701
83115,16.0,80.0,39.0625
83117,56.0,100.0,64.48214285714286
85478,62.0,100.0,58.80645161290322
124424,88.0,84.88372093023256,42.04545454545455
83105,100.0,100.0,59.44
31905,66.0,100.0,57.621212121212125
263263,7.0,85.71428571428571,44.57142857142857
133673,152.0,100.0,65.46710526315789
267633,16.0,100.0,51.3125
133672,29.0,62.06896551724138,36.67857142857143
132412,26.0,100.0,45.15384615384615
115580,11.0,100.0,64.81818181818181
82414,59.0,100.0,73.13559322033899
271694,25.0,100.0,53.5
271702,20.0,100.0,48.9
29895,7.0,100.0,68.71428571428571
272082,25.0,100.0,48.2
274656,30.0,100.0,64.23333333333333
123329,40.0,75.0,38.8
265545,28.0,96.42857142857144,51.71428571428572
272640,8.0,100.0,41.75
49698,82.0,87.8048780487805,42.84146341463415
70691,48.0,97.91666666666666,43.125
71560,30.0,100.0,58.16666666666666
267003,30.0,100.0,55.36666666666667
110422,22.0,100.0,55.0
71559,102.0,99.009900990099,56.68627450980392
70689,91.0,97.8021978021978,55.07692307692308
71548,34.0,100.0,77.8529411764706
21322,61.0,100.0,60.62295081967213
81138,23.0,100.0,58.08695652173913
69805,44.0,97.72727272727272,52.06818181818182
4439,135.0,100.0,58.08888888888889
87182,93.0,100.0,60.98924731182796
30304,26.0,100.0,67.23076923076923
60574,56.0,100.0,55.017857142857146
131438,42.0,100.0,66.23809523809524
10305,25.0,96.0,63.48
278352,181.0,98.8950276243094,56.14917127071824
12660,24.0,100.0,58.16666666666666
18661,25.0,88.0,46.04
25642,104.0,99.03846153846156,62.09615384615385
21101,5.0,100.0,38.8
52759,144.0,100.0,58.37062937062937
74960,36.0,91.66666666666666,45.16666666666666
131632,23.0,100.0,54.95652173913044
61561,253.0,99.2094861660079,61.43873517786561
59843,8.0,50.0,28.875
44449,111.0,100.0,63.75675675675676
85403,77.0,100.0,52.23376623376623
119017,8.0,100.0,38.25
34418,193.0,100.0,61.17098445595855
12529,57.0,100.0,53.45614035087719
12034,122.0,100.0,66.05737704918033
78217,40.0,100.0,51.675
13053,69.0,100.0,60.91304347826087
13382,66.0,98.48484848484848,59.93939393939394
19765,13.0,100.0,50.92307692307692
29579,20.0,80.0,36.2
11985,71.0,94.3661971830986,53.95774647887324
86042,22.0,100.0,54.40909090909091
54118,47.0,97.87234042553192,51.8936170212766
74313,89.0,100.0,51.80898876404494
53180,24.0,87.5,47.125
8319,49.0,100.0,52.89795918367347
266929,37.0,81.08108108108108,46.35135135135136
92941,60.0,100.0,55.7
8694,56.0,94.64285714285714,45.60714285714285
44209,49.0,100.0,52.204081632653065
12372,80.0,98.75,58.5
24728,11.0,100.0,42.09090909090909
273365,13.0,100.0,47.07692307692308
75726,43.0,95.34883720930232,42.16279069767442
71615,26.0,100.0,51.69230769230769
64592,15.0,100.0,47.6
56120,69.0,94.20289855072464,56.98550724637681
23872,54.0,94.44444444444444,53.2037037037037
55168,21.0,95.23809523809524,48.80952380952381
126219,24.0,95.65217391304348,46.625
84181,89.0,100.0,57.89887640449438
114963,134.0,100.0,67.68656716417911
272709,17.0,76.47058823529412,42.8235294117647
60971,158.0,100.0,66.5859872611465
66518,45.0,73.33333333333333,36.93333333333333
91561,171.0,100.0,63.67251461988304
88251,119.0,99.15966386554622,58.02521008403362
60845,151.0,100.0,70.41059602649007
92005,12.0,100.0,72.16666666666667
31286,13.0,92.3076923076923,42.75
74030,16.0,81.25,40.75
38722,11.0,100.0,64.36363636363636
23862,43.0,97.61904761904762,55.30232558139535
44193,18.0,100.0,62.16666666666666
87010,43.0,97.67441860465117,44.06976744186046
88219,20.0,90.0,50.15
106813,32.0,100.0,50.375
87639,42.0,100.0,53.45238095238095
274571,14.0,100.0,71.14285714285714
42438,106.0,96.22641509433964,48.00952380952381
78035,8.0,100.0,58.125
110206,73.0,100.0,52.65753424657535
126787,18.0,100.0,58.72222222222222
83982,19.0,100.0,52.10526315789474
5492,157.0,98.72611464968152,54.452229299363054
5491,165.0,99.39024390243902,65.5878787878788
5930,38.0,86.48648648648648,41.86842105263158
11357,32.0,96.7741935483871,42.46875
3893,71.0,100.0,56.94366197183098
79348,43.0,100.0,64.18604651162791
15718,193.0,100.0,70.62176165803109
77549,32.0,100.0,52.46875
264106,9.0,100.0,54.11111111111112
19063,191.0,100.0,67.38219895287958
11305,99.0,96.96969696969695,55.24242424242424
3966,107.0,100.0,58.48598130841121
7610,138.0,100.0,64.3623188405797
3904,29.0,100.0,45.86206896551724
13413,58.0,98.27586206896552,52.89655172413793
13676,34.0,97.05882352941175,55.91176470588236
7000,122.0,100.0,68.55371900826447
3963,194.0,100.0,61.87564766839378
15715,94.0,100.0,59.38297872340426
26449,27.0,100.0,57.34615384615385
3920,87.0,100.0,60.48275862068966
3099,59.0,96.61016949152544,50.74576271186441
88730,23.0,91.30434782608695,48.95652173913044
15721,99.0,100.0,73.92929292929293
8576,75.0,100.0,54.306666666666665
87821,26.0,100.0,57.23076923076923
13730,41.0,97.5609756097561,45.609756097560975
269580,15.0,57.14285714285714,28.2
262227,123.0,100.0,51.76422764227642
133354,17.0,94.11764705882352,51.1764705882353
69205,41.0,100.0,52.46341463414634
48189,15.0,100.0,60.06666666666667
70710,11.0,100.0,60.0
13745,143.0,100.0,64.65734265734265
62089,56.0,100.0,55.160714285714285
70709,19.0,100.0,64.3157894736842
73087,25.0,88.0,50.8
34809,27.0,100.0,56.44444444444444
17142,46.0,57.57575757575758,29.17391304347826
48655,81.0,98.76543209876544,58.66666666666666
55152,13.0,100.0,66.3076923076923
55147,25.0,96.0,56.52
54262,82.0,100.0,60.95121951219512
55162,9.0,75.0,45.66666666666666
83458,61.0,100.0,50.704918032786885
69970,24.0,95.83333333333334,48.833333333333336
84885,113.0,100.0,52.91150442477876
272897,13.0,84.61538461538461,38.76923076923077
12811,31.0,93.33333333333331,33.25806451612903
12442,118.0,100.0,56.52542372881356
14971,214.0,100.0,64.21028037383178
16290,7.0,100.0,52.42857142857143
10276,12.0,100.0,56.333333333333336
52864,77.0,100.0,60.675324675324674
109067,120.0,95.83333333333334,48.78333333333333
86660,173.0,100.0,58.028901734104046
55945,28.0,96.42857142857144,47.92857142857143
109406,71.0,97.1830985915493,56.80281690140845
108868,50.0,96.0,52.34
7381,96.0,98.95833333333334,61.4375
68380,110.0,99.0909090909091,56.79090909090909
92337,68.0,97.01492537313432,42.6764705882353
268512,80.0,100.0,62.32911392405063
270600,5.0,100.0,40.4
41090,114.0,99.12280701754386,54.64912280701754
64789,37.0,100.0,80.08108108108108
64788,21.0,100.0,59.66666666666666
41641,111.0,100.0,61.9
55117,10.0,88.88888888888889,41.5
48990,39.0,84.61538461538461,47.41025641025641
41901,19.0,100.0,64.21052631578948
42433,63.0,100.0,59.47619047619048
25381,75.0,100.0,54.88
20495,60.0,100.0,62.65
24175,208.0,100.0,56.04807692307692
91029,111.0,100.0,55.108108108108105
27415,45.0,100.0,61.644444444444446
34220,59.0,88.13559322033898,37.74576271186441
19076,17.0,100.0,65.0
86571,36.0,100.0,62.138888888888886
20241,36.0,100.0,36.55555555555556
81714,90.0,100.0,57.78888888888889
25747,27.0,92.5925925925926,50.07407407407408
14889,88.0,100.0,55.09090909090909
64656,23.0,100.0,58.26086956521739
53612,78.0,100.0,56.6025641025641
53617,152.0,99.3421052631579,54.735099337748345
73662,130.0,99.23076923076924,59.58914728682171
53609,86.0,100.0,63.325581395348834
58149,30.0,93.33333333333331,53.36666666666667
53619,22.0,77.27272727272727,42.68181818181818
89964,50.0,92.0,48.61224489795919
126054,18.0,94.44444444444444,58.22222222222222
268421,89.0,97.75280898876404,55.61797752808989
275893,10.0,100.0,51.3
15476,133.0,100.0,60.29323308270677
28044,20.0,80.0,37.75
41954,16.0,100.0,67.4375
28101,95.0,98.94736842105264,52.94736842105263
17858,37.0,89.1891891891892,47.24324324324324
111071,13.0,84.61538461538461,43.46153846153846
29619,14.0,85.71428571428571,41.5
87217,25.0,100.0,46.88
72979,20.0,95.0,50.05
27481,19.0,72.22222222222221,31.94736842105263
27470,104.0,100.0,58.48076923076923
267182,24.0,100.0,45.375
88299,20.0,100.0,61.85
48046,19.0,83.33333333333334,44.63157894736842
39044,239.0,98.32635983263596,53.81589958158996
17092,167.0,100.0,58.26946107784431
17553,191.0,100.0,60.92670157068063
132235,20.0,95.0,53.8
119130,44.0,93.18181818181816,45.22727272727273
109949,189.0,100.0,64.86772486772487
114322,80.0,91.02564102564102,47.962025316455694
114327,35.0,100.0,59.457142857142856
49074,6.0,100.0,54.0
23854,12.0,100.0,55.833333333333336
271925,9.0,88.88888888888889,55.22222222222222
56671,120.0,100.0,57.98333333333333
52412,120.0,100.0,57.98333333333333
56670,29.0,93.10344827586206,49.75862068965517
87283,13.0,69.23076923076923,37.46153846153846
86434,58.0,100.0,59.62068965517241
24424,60.0,93.22033898305084,49.7
27924,77.0,92.10526315789474,44.66233766233766
268659,12.0,100.0,58.41666666666666
124668,55.0,100.0,64.05454545454545
25720,72.0,100.0,61.625
105839,173.0,100.0,61.04624277456647
25575,88.0,93.10344827586206,47.93181818181818
270222,38.0,100.0,66.07894736842105
270662,14.0,100.0,60.85714285714285
25414,13.0,100.0,40.38461538461539
28181,18.0,100.0,48.5
79715,199.0,100.0,56.87939698492463
83809,14.0,85.71428571428571,40.5
24020,187.0,100.0,63.64171122994652
92473,141.0,100.0,60.09929078014184
48943,77.0,94.8051948051948,46.01298701298701
43609,223.0,100.0,65.89237668161435
59588,27.0,81.48148148148148,40.7037037037037
49385,21.0,100.0,56.42857142857143
46869,52.0,100.0,54.0
76152,74.0,100.0,51.33783783783784
115364,25.0,100.0,63.48
125325,47.0,82.97872340425532,36.12765957446808
275008,23.0,100.0,59.04347826086956
73270,17.0,100.0,46.76470588235294
29348,54.0,96.29629629629628,56.75925925925926
25248,182.0,100.0,59.53296703296704
25255,90.0,98.88888888888889,55.8
25250,27.0,100.0,47.888888888888886
25269,37.0,100.0,53.83783783783784
30050,15.0,100.0,56.0
27150,49.0,100.0,55.83673469387755
133530,63.0,100.0,53.79365079365079
30031,55.0,100.0,51.36363636363637
74156,14.0,100.0,47.92857142857143
74332,84.0,100.0,61.48192771084337
109345,33.0,96.96969696969695,48.75757575757576
109248,104.0,100.0,61.43269230769231
104847,33.0,84.84848484848484,45.81818181818182
109344,55.0,100.0,53.14545454545455
131602,16.0,100.0,62.8125
272877,14.0,100.0,60.42857142857143
22104,43.0,100.0,55.325581395348834
14733,25.0,100.0,55.6
15247,118.0,100.0,50.35593220338984
40870,27.0,100.0,45.7037037037037
14440,86.0,90.36144578313254,37.395348837209305
21505,41.0,97.5609756097561,47.707317073170735
11001,86.0,100.0,56.7906976744186
8931,94.0,100.0,65.68085106382979
18218,33.0,87.87878787878788,43.39393939393939
115254,23.0,95.65217391304348,42.73913043478261
85780,176.0,100.0,64.32954545454545
41856,96.0,100.0,65.29166666666667
41849,42.0,95.1219512195122,45.333333333333336
24990,61.0,89.0909090909091,40.0
42113,72.0,100.0,61.22222222222222
41846,116.0,98.2608695652174,51.96551724137931
41859,169.0,100.0,63.33136094674556
52817,13.0,100.0,49.15384615384615
41858,147.0,100.0,61.24657534246575
41848,180.0,100.0,67.95
41860,112.0,96.3963963963964,44.267857142857146
41851,181.0,98.8950276243094,56.56353591160221
83397,34.0,87.5,50.41176470588236
66363,17.0,100.0,58.52941176470589
262312,38.0,97.36842105263158,56.39473684210526
86862,16.0,100.0,66.64285714285714
6243,48.0,100.0,58.125
6264,16.0,100.0,66.0625
92591,52.0,100.0,52.82692307692308
68717,110.0,100.0,64.92727272727272
103533,27.0,100.0,47.55555555555556
64281,203.0,100.0,66.42857142857143
64282,151.0,100.0,60.81456953642384
64280,184.0,100.0,61.64673913043478
105255,28.0,92.5925925925926,40.0
103541,26.0,92.3076923076923,48.46153846153846
17101,75.0,96.0,44.12
26180,62.0,98.38709677419357,47.7258064516129
26767,23.0,95.65217391304348,44.130434782608695
262818,32.0,96.875,59.03125
105126,20.0,100.0,51.2
18910,41.0,95.1219512195122,45.8780487804878
19757,162.0,100.0,59.876543209876544
24553,30.0,100.0,54.23333333333333
18915,51.0,98.0392156862745,52.88235294117647
82680,24.0,83.33333333333334,38.458333333333336
14674,11.0,100.0,82.0
80146,13.0,76.92307692307693,36.30769230769231
90083,31.0,93.5483870967742,47.74193548387097
47677,78.0,100.0,65.82051282051282
47210,106.0,98.1132075471698,58.65714285714286
53498,27.0,96.29629629629628,46.92592592592592
51835,53.0,98.1132075471698,51.18867924528302
43385,184.0,99.45652173913044,56.59562841530055
25461,27.0,100.0,59.42307692307692
272876,25.0,100.0,60.68
110260,221.0,100.0,56.19545454545455
27280,127.0,99.21259842519686,50.99206349206349
34510,86.0,97.67441860465117,51.84883720930232
26954,39.0,94.87179487179486,50.87179487179487
27158,173.0,94.79768786127168,49.94797687861272
25835,48.0,100.0,56.375
23486,211.0,100.0,59.38388625592417
34505,215.0,100.0,64.14883720930233
34513,124.0,100.0,56.50806451612903
34506,151.0,100.0,61.76158940397351
34512,222.0,100.0,63.63063063063064
129897,53.0,100.0,61.283018867924525
103822,45.0,100.0,51.75
22574,153.0,100.0,59.77124183006536
22932,125.0,98.4,57.08870967741935
83650,207.0,100.0,61.589371980676326
25712,73.0,100.0,72.35616438356165
22856,129.0,100.0,59.78294573643411
22922,119.0,100.0,61.65254237288136
22897,123.0,100.0,62.18032786885246
29252,30.0,100.0,68.16666666666667
24346,111.0,100.0,51.75675675675676
81335,55.0,100.0,57.52727272727272
22592,150.0,100.0,64.02684563758389
86227,32.0,100.0,57.65625
22778,121.0,100.0,67.2892561983471
80125,72.0,98.57142857142858,50.43055555555556
263456,36.0,100.0,53.31428571428572
23827,21.0,80.95238095238095,44.142857142857146
24345,137.0,99.26470588235294,56.824817518248175
25668,53.0,98.1132075471698,54.0
133453,170.0,100.0,57.78823529411765
133454,56.0,94.64285714285714,46.32727272727273
266352,42.0,100.0,53.142857142857146
271907,8.0,100.0,56.875
83621,77.0,100.0,51.72368421052632
104441,18.0,100.0,71.55555555555556
90365,12.0,100.0,77.0
25263,128.0,100.0,69.5546875
25801,220.0,100.0,61.05909090909091
25293,206.0,100.0,65.87378640776699
30184,71.0,90.625,40.19718309859155
79804,53.0,100.0,63.86792452830189
133533,198.0,99.4949494949495,53.52020202020202
25406,130.0,100.0,58.16153846153846
29239,80.0,98.75,49.9746835443038
133549,29.0,100.0,47.10344827586207
29820,48.0,100.0,59.208333333333336
24585,41.0,95.1219512195122,50.58536585365854
88067,113.0,99.1150442477876,50.9646017699115
88065,101.0,100.0,57.693069306930695
25388,24.0,100.0,52.583333333333336
91738,75.0,87.83783783783784,44.270270270270274
85020,30.0,93.10344827586206,57.7
25265,18.0,66.66666666666666,29.27777777777778
25407,162.0,100.0,67.84567901234568
88064,129.0,100.0,64.42635658914729
88066,125.0,100.0,58.008
88068,137.0,99.27007299270072,57.496350364963504
30502,127.0,100.0,54.45669291338583
40982,131.0,100.0,67.65648854961832
21092,141.0,100.0,53.226950354609926
20395,66.0,87.6923076923077,40.77272727272727
41946,156.0,98.71794871794872,55.94871794871795
84874,42.0,100.0,64.26190476190476
120577,17.0,93.75,44.294117647058826
125087,20.0,85.0,50.7
104537,23.0,91.30434782608695,43.30434782608695
31134,25.0,100.0,55.0
27703,18.0,100.0,56.888888888888886
59581,109.0,99.08256880733946,56.477064220183486
44669,11.0,100.0,57.81818181818182
25956,96.0,100.0,76.86315789473684
27999,22.0,100.0,74.77272727272727
27812,82.0,100.0,59.13414634146341
27918,124.0,100.0,68.31451612903226
25682,124.0,100.0,64.4758064516129
30254,170.0,100.0,57.7
30690,146.0,100.0,65.69655172413793
22927,92.0,100.0,62.10869565217392
28603,119.0,100.0,68.40336134453781
30794,138.0,100.0,54.60144927536232
28516,120.0,100.0,69.61666666666666
31063,167.0,100.0,63.02395209580838
56095,123.0,100.0,64.88617886178862
27858,260.0,100.0,67.39382239382239
30251,158.0,100.0,65.81645569620254
29755,17.0,100.0,60.23529411764706
27835,31.0,100.0,48.64516129032258
263334,123.0,100.0,66.89430894308943
264374,35.0,97.14285714285714,58.26470588235294
27005,62.0,100.0,68.14516129032258
30253,142.0,100.0,69.85915492957747
127661,32.0,100.0,65.5625
130665,15.0,100.0,63.13333333333333
130689,6.0,100.0,57.66666666666666
133547,19.0,100.0,61.42105263157895
272783,19.0,100.0,47.89473684210526
273209,30.0,100.0,60.73333333333333
56463,25.0,88.0,41.2
59665,256.0,100.0,57.25882352941176
34621,185.0,100.0,57.79891304347826
88401,53.0,94.23076923076924,50.53846153846154
44248,154.0,100.0,61.88311688311688
267034,67.0,100.0,56.940298507462686
105214,85.0,97.6470588235294,58.833333333333336
266036,11.0,100.0,44.63636363636363
25825,122.0,100.0,59.85245901639344
18789,121.0,100.0,62.69166666666667
30936,38.0,100.0,59.526315789473685
30761,30.0,100.0,51.27586206896552
19073,119.0,100.0,66.83898305084746
26799,13.0,92.3076923076923,44.69230769230769
133365,131.0,100.0,54.02307692307692
133558,56.0,100.0,73.91071428571429
27748,46.0,100.0,70.84782608695652
263354,28.0,100.0,51.67857142857143
25632,40.0,95.0,49.15384615384615
105291,38.0,91.8918918918919,42.4054054054054
31581,20.0,100.0,53.6
11589,116.0,100.0,57.060344827586206
84878,18.0,94.44444444444444,53.66666666666666
85127,21.0,100.0,60.095238095238095
73747,27.0,96.29629629629628,42.18518518518518
73785,16.0,100.0,65.4375
131718,234.0,98.71244635193132,56.57264957264957
270871,60.0,100.0,57.15
41853,44.0,100.0,61.02272727272727
46597,25.0,100.0,53.583333333333336
46647,32.0,100.0,48.28125
133795,214.0,100.0,61.20560747663552
265873,46.0,97.77777777777776,68.21739130434783
272092,18.0,100.0,61.888888888888886
16423,135.0,100.0,64.70370370370371
16426,179.0,100.0,65.92737430167598
16422,180.0,100.0,58.88268156424581
16429,119.0,100.0,60.25210084033613
16427,99.0,100.0,62.01010101010101
16424,212.0,100.0,59.25
16425,170.0,100.0,60.93491124260355
16428,124.0,100.0,59.67741935483871
20580,82.0,100.0,52.109756097560975
26977,85.0,100.0,65.55294117647058
262811,23.0,100.0,37.17391304347826
104254,16.0,100.0,61.1875
133639,7.0,100.0,58.0
266884,90.0,100.0,60.58426966292135
84867,25.0,100.0,59.88
133629,27.0,96.29629629629628,44.96296296296296
25173,43.0,97.67441860465117,53.325581395348834
34665,77.0,94.8051948051948,47.14473684210526
39099,153.0,100.0,69.38157894736842
19730,156.0,100.0,57.41025641025641
29709,26.0,100.0,66.15384615384616
39649,172.0,100.0,68.54651162790698
39652,59.0,100.0,54.20338983050848
103583,20.0,100.0,52.95
118675,61.0,100.0,63.540983606557376
130432,16.0,100.0,53.0
39647,130.0,100.0,61.715384615384615
30197,16.0,100.0,48.6875
22413,61.0,100.0,56.73770491803279
4694,17.0,100.0,50.11764705882353
128605,42.0,100.0,55.833333333333336
267158,23.0,100.0,60.43478260869565
276176,8.0,100.0,53.5
82634,85.0,100.0,61.90476190476191
109301,16.0,100.0,51.9375
88141,16.0,93.75,48.375
81241,116.0,100.0,54.71551724137931
109390,16.0,100.0,48.5625
86231,15.0,86.66666666666667,44.06666666666667
12163,82.0,100.0,58.109756097560975
124055,30.0,100.0,53.56666666666667
60483,102.0,98.0392156862745,53.02941176470589
103546,12.0,91.66666666666666,39.25
19622,93.0,97.8494623655914,53.73118279569893
19626,152.0,100.0,63.8421052631579
87250,30.0,81.48148148148148,38.23333333333333
92751,28.0,96.42857142857144,50.785714285714285
114250,77.0,94.8051948051948,51.44155844155844
276048,10.0,100.0,54.5
104069,15.0,93.33333333333331,44.93333333333333
273618,30.0,100.0,44.6
42115,157.0,100.0,68.80891719745223
83264,57.0,98.24561403508773,55.89473684210526
119632,49.0,93.87755102040816,41.775510204081634
57231,19.0,89.47368421052632,39.42105263157895
91726,118.0,99.15254237288136,59.47457627118644
9491,83.0,98.79518072289156,57.93975903614458
74923,19.0,94.73684210526316,43.36842105263158
74924,88.0,100.0,55.125
61877,30.0,100.0,51.5
61929,72.0,94.44444444444444,49.16666666666666
88380,33.0,90.9090909090909,38.15151515151515
27972,126.0,100.0,60.84126984126984
262853,12.0,100.0,75.75
17864,121.0,100.0,66.38842975206612
15396,85.0,100.0,65.89411764705882
49102,44.0,95.45454545454544,50.86363636363637
6291,15.0,57.14285714285714,25.6
49584,85.0,100.0,54.588235294117645
109286,148.0,98.64864864864865,46.00675675675676
264123,15.0,100.0,71.13333333333334
127340,25.0,100.0,42.04
5536,97.0,100.0,64.57731958762886
9882,48.0,100.0,56.8125
5156,143.0,100.0,61.51748251748252
34641,46.0,100.0,63.91304347826087
23848,54.0,100.0,52.2037037037037
262771,24.0,100.0,56.54166666666666
111483,197.0,100.0,59.51269035532995
111447,156.0,99.35897435897436,56.82692307692308
111607,123.0,100.0,61.333333333333336
23515,96.0,100.0,66.44791666666667
68318,16.0,87.5,44.4375
73067,9.0,100.0,46.22222222222222
270648,6.0,66.66666666666666,33.666666666666664
49836,32.0,100.0,54.65625
91201,48.0,100.0,58.270833333333336
20077,8.0,100.0,56.625
93135,18.0,100.0,65.22222222222223
103857,40.0,100.0,69.25
91250,171.0,98.24561403508773,57.68235294117647
127952,12.0,100.0,50.41666666666666
91926,17.0,88.23529411764706,50.294117647058826
40080,20.0,95.0,46.2
91282,47.0,100.0,59.46808510638298
3964,23.0,100.0,53.130434782608695
120262,8.0,100.0,52.25
15295,49.0,87.5,42.16326530612245
6051,17.0,100.0,55.76470588235294
4157,137.0,97.8102189781022,53.54014598540146
54147,60.0,100.0,64.33333333333333
11633,161.0,100.0,69.9875
4626,154.0,100.0,62.37662337662338
88954,14.0,92.85714285714286,47.69230769230769
18895,89.0,100.0,54.08988764044944
133560,31.0,100.0,56.38709677419355
133516,57.0,96.49122807017544,43.375
11714,162.0,100.0,60.95679012345679
11713,156.0,100.0,62.99358974358975
3807,49.0,100.0,47.69387755102041
109020,21.0,100.0,42.71428571428572
84232,28.0,85.71428571428571,42.285714285714285
86346,31.0,100.0,69.19354838709677
21982,97.0,98.96907216494846,59.09278350515464
60194,18.0,94.44444444444444,45.11111111111112
63287,19.0,94.73684210526316,41.8421052631579
5271,116.0,100.0,59.32758620689656
9125,119.0,99.15254237288136,52.588235294117645
76170,17.0,70.58823529411765,36.8235294117647
9174,39.0,97.43589743589745,56.12820512820513
31040,23.0,78.26086956521739,36.65217391304348
29775,22.0,100.0,55.81818181818182
12361,115.0,99.1304347826087,56.28695652173913
34913,45.0,100.0,64.95555555555555
106263,9.0,77.77777777777779,41.333333333333336
104823,84.0,100.0,57.57142857142857
22643,44.0,97.72727272727272,59.75
9069,69.0,100.0,59.04347826086956
8615,94.0,100.0,65.36170212765957
12186,93.0,100.0,52.86021505376344
12176,88.0,100.0,67.72413793103448
13075,19.0,100.0,49.578947368421055
60233,20.0,75.0,34.65
9025,54.0,100.0,61.18867924528302
38754,36.0,94.28571428571428,53.583333333333336
19553,92.0,100.0,49.55434782608695
34793,19.0,100.0,48.578947368421055
64631,126.0,100.0,59.67460317460318
12175,10.0,100.0,66.1
56313,106.0,100.0,69.70754716981132
8280,89.0,97.72727272727272,51.61797752808989
64607,8.0,87.5,48.125
3962,116.0,100.0,59.36521739130435
103573,12.0,100.0,74.75
9168,25.0,92.0,42.24
11258,25.0,100.0,48.64
17758,49.0,100.0,48.10204081632653
17863,25.0,100.0,62.84
9286,31.0,100.0,62.16129032258065
109770,44.0,93.18181818181816,51.0
11477,295.0,100.0,63.18027210884354
22402,32.0,93.75,60.53125
11478,220.0,100.0,63.13636363636363
11476,121.0,100.0,55.7603305785124
272326,31.0,100.0,64.51612903225806
11480,168.0,96.42857142857144,49.46428571428572
130634,84.0,96.42857142857144,55.29761904761905
91087,74.0,82.43243243243244,47.48648648648648
109873,28.0,100.0,65.0
106157,32.0,100.0,50.90625
91083,45.0,97.77777777777776,48.577777777777776
106559,136.0,100.0,68.78676470588235
11475,203.0,99.50738916256158,62.12315270935961
22477,15.0,100.0,44.266666666666666
42509,208.0,100.0,54.33173076923077
133898,32.0,96.875,46.3125
269094,16.0,100.0,48.875
19472,64.0,100.0,59.142857142857146
11479,182.0,100.0,55.22099447513812
68321,204.0,100.0,68.34803921568627
11473,197.0,100.0,66.1015228426396
263069,141.0,95.74468085106383,50.98571428571429
11481,179.0,100.0,57.53072625698324
93188,32.0,100.0,53.75
16183,113.0,92.92035398230088,46.95575221238938
68270,226.0,100.0,61.10176991150443
108898,62.0,100.0,62.75806451612903
133606,154.0,100.0,54.63636363636363
121553,120.0,100.0,77.275
11474,117.0,100.0,71.66666666666667
106556,72.0,100.0,51.40277777777778
133382,32.0,100.0,52.21875
106868,109.0,100.0,55.51376146788991
11472,157.0,99.36305732484075,49.42675159235669
11876,30.0,100.0,45.73333333333333
35149,5.0,60.0,34.0
21343,104.0,100.0,47.56730769230769
16863,22.0,100.0,55.95454545454545
85130,23.0,100.0,61.391304347826086
38699,32.0,100.0,63.09375
64977,32.0,93.75,48.28125
38698,106.0,99.05660377358492,58.17924528301887
69254,23.0,100.0,65.08695652173913
129111,9.0,100.0,56.888888888888886
19245,41.0,100.0,57.14634146341464
84002,8.0,87.5,40.875
2937,78.0,100.0,57.333333333333336
2960,76.0,100.0,59.35526315789474
4468,30.0,86.20689655172413,39.06666666666667
2936,28.0,100.0,59.82142857142857
11027,111.0,100.0,59.612612612612615
74507,14.0,100.0,57.85714285714285
23860,126.0,100.0,59.75396825396825
23742,115.0,99.1304347826087,56.02608695652174
26265,17.0,100.0,58.588235294117645
47624,127.0,100.0,56.62992125984252
23374,33.0,100.0,52.09090909090909
25797,21.0,100.0,50.61904761904762
58328,20.0,100.0,49.1578947368421
80619,41.0,100.0,55.58536585365854
85927,64.0,100.0,61.66666666666666
271603,14.0,100.0,63.57142857142857
88044,43.0,100.0,63.0
105486,91.0,100.0,67.02197802197803
92505,147.0,100.0,66.50340136054422
88772,38.0,86.8421052631579,45.18421052631579
27934,68.0,100.0,64.98529411764706
25757,29.0,100.0,61.55172413793103
47756,26.0,100.0,48.92307692307692
31220,95.0,100.0,70.2
133649,89.0,100.0,57.764044943820224
133645,144.0,100.0,59.86713286713287
74217,21.0,100.0,50.90476190476191
9889,121.0,100.0,66.25619834710744
9842,196.0,100.0,64.54871794871795
6746,66.0,100.0,49.86363636363637
6734,187.0,100.0,58.96791443850268
86524,45.0,100.0,61.84444444444444
73905,16.0,100.0,49.75
73913,41.0,90.2439024390244,45.31707317073171
92500,31.0,87.09677419354838,38.74193548387097
6275,77.0,100.0,59.1948051948052
6441,36.0,94.44444444444444,40.888888888888886
64946,125.0,100.0,63.224
85757,12.0,91.66666666666666,51.5
